time_aest,location,bed_elevation_m,tuflow_water_level_m,schism_water_level_m,reference_surface_m,surface_target_z_m,mid_depth_target_z_m,near_bottom_target_z_m
2011-05-01 01:00:00,Lower,-6.6967954636,-0.0147047043,-0.0128630950,-0.0137838996,-0.5137838996,-3.3552896816,-6.1967954636
2011-05-01 02:00:00,Lower,-6.6967954636,-0.0708718300,-0.0667234462,-0.0687976381,-0.5687976381,-3.3827965508,-6.1967954636
2011-05-01 03:00:00,Lower,-6.6967954636,-0.0972084999,-0.0987172407,-0.0979628703,-0.5979628703,-3.3973791669,-6.1967954636
2011-05-01 04:00:00,Lower,-6.6967954636,-0.1096329689,-0.0879764509,-0.0988047099,-0.5988047099,-3.3978000867,-6.1967954636
2011-05-01 05:00:00,Lower,-6.6967954636,-0.0883188248,-0.0816602204,-0.0849895226,-0.5849895226,-3.3908924931,-6.1967954636
2011-05-01 06:00:00,Lower,-6.6967954636,-0.0289258957,-0.0297812387,-0.0293535672,-0.5293535672,-3.3630745154,-6.1967954636
2011-05-01 07:00:00,Lower,-6.6967954636,0.0308022499,0.0274381930,0.0291202215,-0.4708797785,-3.3338376210,-6.1967954636
2011-05-01 08:00:00,Lower,-6.6967954636,0.0906629562,0.0864797602,0.0885713582,-0.4114286418,-3.3041120527,-6.1967954636
2011-05-01 09:00:00,Lower,-6.6967954636,0.1305623055,0.1275920878,0.1290771966,-0.3709228034,-3.2838591335,-6.1967954636
2011-05-01 10:00:00,Lower,-6.6967954636,0.1406083107,0.1399527715,0.1402805411,-0.3597194589,-3.2782574612,-6.1967954636
2011-05-01 11:00:00,Lower,-6.6967954636,0.1306805611,0.1323497650,0.1315151630,-0.3684848370,-3.2826401503,-6.1967954636
2011-05-01 12:00:00,Lower,-6.6967954636,0.0808386803,0.0899742186,0.0854064494,-0.4145935506,-3.3056945071,-6.1967954636
2011-05-01 13:00:00,Lower,-6.6967954636,0.0208940506,0.0387488550,0.0298214528,-0.4701785472,-3.3334870054,-6.1967954636
2011-05-01 14:00:00,Lower,-6.6967954636,-0.0291004181,-0.0046901640,-0.0168952911,-0.5168952911,-3.3568453773,-6.1967954636
2011-05-01 15:00:00,Lower,-6.6967954636,-0.0689587593,-0.0423349033,-0.0556468313,-0.5556468313,-3.3762211474,-6.1967954636
2011-05-01 16:00:00,Lower,-6.6967954636,-0.0791397095,-0.0618608978,-0.0705003037,-0.5705003037,-3.3836478836,-6.1967954636
2011-05-01 17:00:00,Lower,-6.6967954636,-0.0690870285,-0.0635590831,-0.0663230558,-0.5663230558,-3.3815592597,-6.1967954636
2011-05-01 18:00:00,Lower,-6.6967954636,-0.0194015503,-0.0193458269,-0.0193736886,-0.5193736886,-3.3580845761,-6.1967954636
2011-05-01 19:00:00,Lower,-6.6967954636,0.0409355164,0.0374784707,0.0392069935,-0.4607930065,-3.3287942350,-6.1967954636
2011-05-01 20:00:00,Lower,-6.6967954636,0.1005563736,0.0967341226,0.0986452481,-0.4013547519,-3.2990751077,-6.1967954636
2011-05-01 21:00:00,Lower,-6.6967954636,0.1507377625,0.1471719614,0.1489548619,-0.3510451381,-3.2739203008,-6.1967954636
2011-05-01 22:00:00,Lower,-6.6967954636,0.1703734398,0.1692549371,0.1698141884,-0.3301858116,-3.2634906376,-6.1967954636
2011-05-01 23:00:00,Lower,-6.6967954636,0.1503853798,0.1530279618,0.1517066708,-0.3482933292,-3.2725443964,-6.1967954636
2011-05-02 00:00:00,Lower,-6.6967954636,0.1005349159,0.1106791772,0.1056070466,-0.3943929534,-3.2955942085,-6.1967954636
2011-05-02 01:00:00,Lower,-6.6967954636,0.0311203003,0.0496640187,0.0403921595,-0.4596078405,-3.3282016520,-6.1967954636
2011-05-02 02:00:00,Lower,-6.6967954636,-0.0290679932,-0.0032457892,-0.0161568912,-0.5161568912,-3.3564761774,-6.1967954636
2011-05-02 03:00:00,Lower,-6.6967954636,-0.0790429115,-0.0494704626,-0.0642566870,-0.5642566870,-3.3805260753,-6.1967954636
2011-05-02 04:00:00,Lower,-6.6967954636,-0.1093664169,-0.0813242580,-0.0953453375,-0.5953453375,-3.3960704005,-6.1967954636
2011-05-02 05:00:00,Lower,-6.6967954636,-0.1091685295,-0.0970002662,-0.1030843978,-0.6030843978,-3.3999399307,-6.1967954636
2011-05-02 06:00:00,Lower,-6.6967954636,-0.0792541504,-0.0768494077,-0.0780517791,-0.5780517791,-3.3874236213,-6.1967954636
2011-05-02 07:00:00,Lower,-6.6967954636,-0.0192465782,-0.0210807069,-0.0201636426,-0.5201636426,-3.3584795531,-6.1967954636
2011-05-02 08:00:00,Lower,-6.6967954636,0.0503821373,0.0464578997,0.0484200185,-0.4515799815,-3.3241877225,-6.1967954636
2011-05-02 09:00:00,Lower,-6.6967954636,0.1104326248,0.1065562391,0.1084944319,-0.3915055681,-3.2941505158,-6.1967954636
2011-05-02 10:00:00,Lower,-6.6967954636,0.1505866051,0.1474366286,0.1490116168,-0.3509883832,-3.2738919234,-6.1967954636
2011-05-02 11:00:00,Lower,-6.6967954636,0.1604051590,0.1598581226,0.1601316408,-0.3398683592,-3.2683319114,-6.1967954636
2011-05-02 12:00:00,Lower,-6.6967954636,0.1403307915,0.1434296699,0.1418802307,-0.3581197693,-3.2774576164,-6.1967954636
2011-05-02 13:00:00,Lower,-6.6967954636,0.0906786919,0.1005208226,0.0955997572,-0.4044002428,-3.3005978532,-6.1967954636
2011-05-02 14:00:00,Lower,-6.6967954636,0.0306334496,0.0483684077,0.0395009286,-0.4604990714,-3.3286472675,-6.1967954636
2011-05-02 15:00:00,Lower,-6.6967954636,-0.0193767548,0.0045501321,-0.0074133113,-0.5074133113,-3.3521043874,-6.1967954636
2011-05-02 16:00:00,Lower,-6.6967954636,-0.0492339134,-0.0250598799,-0.0371468967,-0.5371468967,-3.3669711801,-6.1967954636
2011-05-02 17:00:00,Lower,-6.6967954636,-0.0692811012,-0.0516862226,-0.0604836619,-0.5604836619,-3.3786395627,-6.1967954636
2011-05-02 18:00:00,Lower,-6.6967954636,-0.0493712425,-0.0444843200,-0.0469277813,-0.5469277813,-3.3718616224,-6.1967954636
2011-05-02 19:00:00,Lower,-6.6967954636,0.0006170273,0.0003408333,0.0004789303,-0.4995210697,-3.3481582666,-6.1967954636
2011-05-02 20:00:00,Lower,-6.6967954636,0.0605201721,0.0574285673,0.0589743697,-0.4410256303,-3.3189105469,-6.1967954636
2011-05-02 21:00:00,Lower,-6.6967954636,0.1207180023,0.1168924884,0.1188052454,-0.3811947546,-3.2889951091,-6.1967954636
2011-05-02 22:00:00,Lower,-6.6967954636,0.1603126526,0.1578500803,0.1590813665,-0.3409186335,-3.2688570486,-6.1967954636
2011-05-02 23:00:00,Lower,-6.6967954636,0.1703062057,0.1703465768,0.1703263913,-0.3296736087,-3.2632345361,-6.1967954636
2011-05-03 00:00:00,Lower,-6.6967954636,0.1402406693,0.1448679171,0.1425542932,-0.3574457068,-3.2771205852,-6.1967954636
2011-05-03 01:00:00,Lower,-6.6967954636,0.0906414986,0.1021265140,0.0963840063,-0.4036159937,-3.3002057286,-6.1967954636
2011-05-03 02:00:00,Lower,-6.6967954636,0.0206279755,0.0409121581,0.0307700668,-0.4692299332,-3.3330126984,-6.1967954636
2011-05-03 03:00:00,Lower,-6.6967954636,-0.0390954018,-0.0126161166,-0.0258557592,-0.5258557592,-3.3613256114,-6.1967954636
2011-05-03 04:00:00,Lower,-6.6967954636,-0.0893306732,-0.0591862297,-0.0742584514,-0.5742584514,-3.3855269575,-6.1967954636
2011-05-03 05:00:00,Lower,-6.6967954636,-0.1294336319,-0.0988892042,-0.1141614180,-0.6141614180,-3.4054784408,-6.1967954636
2011-05-03 06:00:00,Lower,-6.6967954636,-0.1193280220,-0.1070404214,-0.1131842217,-0.6131842217,-3.4049898426,-6.1967954636
2011-05-03 07:00:00,Lower,-6.6967954636,-0.0794205666,-0.0777674392,-0.0785940029,-0.5785940029,-3.3876947332,-6.1967954636
2011-05-03 08:00:00,Lower,-6.6967954636,-0.0194597244,-0.0212620877,-0.0203609061,-0.5203609061,-3.3585781848,-6.1967954636
2011-05-03 09:00:00,Lower,-6.6967954636,0.0603899956,0.0561430607,0.0582665282,-0.4417334718,-3.3192644677,-6.1967954636
2011-05-03 10:00:00,Lower,-6.6967954636,0.1205525398,0.1167445912,0.1186485655,-0.3813514345,-3.2890734490,-6.1967954636
2011-05-03 11:00:00,Lower,-6.6967954636,0.1602540016,0.1573995876,0.1588267946,-0.3411732054,-3.2689843345,-6.1967954636
2011-05-03 12:00:00,Lower,-6.6967954636,0.1603231430,0.1602176987,0.1602704208,-0.3397295792,-3.2682625214,-6.1967954636
2011-05-03 13:00:00,Lower,-6.6967954636,0.1303782463,0.1348542453,0.1326162458,-0.3673837542,-3.2820896089,-6.1967954636
2011-05-03 14:00:00,Lower,-6.6967954636,0.0807881355,0.0915466991,0.0861674173,-0.4138325827,-3.3053140231,-6.1967954636
2011-05-03 15:00:00,Lower,-6.6967954636,0.0207009315,0.0393416578,0.0300212947,-0.4699787053,-3.3333870845,-6.1967954636
2011-05-03 16:00:00,Lower,-6.6967954636,-0.0293021202,-0.0049095552,-0.0171058377,-0.5171058377,-3.3569506506,-6.1967954636
2011-05-03 17:00:00,Lower,-6.6967954636,-0.0693717003,-0.0426569283,-0.0560143143,-0.5560143143,-3.3764048889,-6.1967954636
2011-05-03 18:00:00,Lower,-6.6967954636,-0.0693559647,-0.0542760763,-0.0618160205,-0.5618160205,-3.3793057420,-6.1967954636
2011-05-03 19:00:00,Lower,-6.6967954636,-0.0494027138,-0.0455283188,-0.0474655163,-0.5474655163,-3.3721304899,-6.1967954636
2011-05-03 20:00:00,Lower,-6.6967954636,0.0003352165,0.0002116250,0.0002734208,-0.4997265792,-3.3482610214,-6.1967954636
2011-05-03 21:00:00,Lower,-6.6967954636,0.0707798004,0.0666991517,0.0687394760,-0.4312605240,-3.3140279938,-6.1967954636
2011-05-03 22:00:00,Lower,-6.6967954636,0.1301255226,0.1268711370,0.1284983298,-0.3715016702,-3.2841485669,-6.1967954636
2011-05-03 23:00:00,Lower,-6.6967954636,0.1703886986,0.1677175929,0.1690531457,-0.3309468543,-3.2638711589,-6.1967954636
2011-05-04 00:00:00,Lower,-6.6967954636,0.1702041626,0.1707934051,0.1704987838,-0.3295012162,-3.2631483399,-6.1967954636
2011-05-04 01:00:00,Lower,-6.6967954636,0.1402182579,0.1452158555,0.1427170567,-0.3572829433,-3.2770392034,-6.1967954636
2011-05-04 02:00:00,Lower,-6.6967954636,0.0806760788,0.0932645330,0.0869703059,-0.4130296941,-3.3049125788,-6.1967954636
2011-05-04 03:00:00,Lower,-6.6967954636,0.0008778572,0.0222090985,0.0115434778,-0.4884565222,-3.3426259929,-6.1967954636
2011-05-04 04:00:00,Lower,-6.6967954636,-0.0590524673,-0.0327713011,-0.0459118842,-0.5459118842,-3.3713536739,-6.1967954636
2011-05-04 05:00:00,Lower,-6.6967954636,-0.1091966629,-0.0788271985,-0.0940119307,-0.5940119307,-3.3954036971,-6.1967954636
2011-05-04 06:00:00,Lower,-6.6967954636,-0.1393427849,-0.1104209481,-0.1248818665,-0.6248818665,-3.4108386650,-6.1967954636
2011-05-04 07:00:00,Lower,-6.6967954636,-0.1292819977,-0.1188925976,-0.1240872976,-0.6240872976,-3.4104413806,-6.1967954636
2011-05-04 08:00:00,Lower,-6.6967954636,-0.0795354843,-0.0786337144,-0.0790845993,-0.5790845993,-3.3879400314,-6.1967954636
2011-05-04 09:00:00,Lower,-6.6967954636,0.0003533363,-0.0025353842,-0.0010910239,-0.5010910239,-3.3489432438,-6.1967954636
2011-05-04 10:00:00,Lower,-6.6967954636,0.0803508759,0.0764364704,0.0783936731,-0.4216063269,-3.3092008952,-6.1967954636
2011-05-04 11:00:00,Lower,-6.6967954636,0.1406040192,0.1370057753,0.1388048972,-0.3611951028,-3.2789952832,-6.1967954636
2011-05-04 12:00:00,Lower,-6.6967954636,0.1705465317,0.1680392460,0.1692928888,-0.3307071112,-3.2637512874,-6.1967954636
2011-05-04 13:00:00,Lower,-6.6967954636,0.1700711250,0.1702428827,0.1701570038,-0.3298429962,-3.2633192299,-6.1967954636
2011-05-04 14:00:00,Lower,-6.6967954636,0.1301016808,0.1357645670,0.1329331239,-0.3670668761,-3.2819311698,-6.1967954636
2011-05-04 15:00:00,Lower,-6.6967954636,0.0702896118,0.0834618318,0.0768757218,-0.4231242782,-3.3099598709,-6.1967954636
2011-05-04 16:00:00,Lower,-6.6967954636,0.0105481148,0.0307153597,0.0206317372,-0.4793682628,-3.3380818632,-6.1967954636
2011-05-04 17:00:00,Lower,-6.6967954636,-0.0391883850,-0.0145025939,-0.0268454895,-0.5268454895,-3.3618204765,-6.1967954636
2011-05-04 18:00:00,Lower,-6.6967954636,-0.0791621208,-0.0524934134,-0.0658277671,-0.5658277671,-3.3813116153,-6.1967954636
2011-05-04 19:00:00,Lower,-6.6967954636,-0.0893764496,-0.0711175521,-0.0802470008,-0.5802470008,-3.3885212322,-6.1967954636
2011-05-04 20:00:00,Lower,-6.6967954636,-0.0595293045,-0.0559745954,-0.0577519499,-0.5577519499,-3.3772737068,-6.1967954636
2011-05-04 21:00:00,Lower,-6.6967954636,0.0002222061,-0.0006765723,-0.0002271831,-0.5002271831,-3.3485113233,-6.1967954636
2011-05-04 22:00:00,Lower,-6.6967954636,0.0603713989,0.0572800302,0.0588257146,-0.4411742854,-3.3189848745,-6.1967954636
2011-05-04 23:00:00,Lower,-6.6967954636,0.1204915047,0.1168094188,0.1186504617,-0.3813495383,-3.2890725009,-6.1967954636
2011-05-05 00:00:00,Lower,-6.6967954636,0.1504554749,0.1483030244,0.1493792496,-0.3506207504,-3.2737081070,-6.1967954636
2011-05-05 01:00:00,Lower,-6.6967954636,0.1501922607,0.1508987967,0.1505455287,-0.3494544713,-3.2731249674,-6.1967954636
2011-05-05 02:00:00,Lower,-6.6967954636,0.1106081009,0.1162478811,0.1134279910,-0.3865720090,-3.2916837363,-6.1967954636
2011-05-05 03:00:00,Lower,-6.6967954636,0.0504069328,0.0642201069,0.0573135199,-0.4426864801,-3.3197409718,-6.1967954636
2011-05-05 04:00:00,Lower,-6.6967954636,-0.0294432640,-0.0073111722,-0.0183772181,-0.5183772181,-3.3575863408,-6.1967954636
2011-05-05 05:00:00,Lower,-6.6967954636,-0.0891380310,-0.0623606626,-0.0757493468,-0.5757493468,-3.3862724052,-6.1967954636
2011-05-05 06:00:00,Lower,-6.6967954636,-0.1392736435,-0.1085012778,-0.1238874607,-0.6238874607,-3.4103414621,-6.1967954636
2011-05-05 07:00:00,Lower,-6.6967954636,-0.1494503021,-0.1254629857,-0.1374566439,-0.6374566439,-3.4171260537,-6.1967954636
2011-05-05 08:00:00,Lower,-6.6967954636,-0.1291747093,-0.1234803867,-0.1263275480,-0.6263275480,-3.4115615058,-6.1967954636
2011-05-05 09:00:00,Lower,-6.6967954636,-0.0798583031,-0.0793175315,-0.0795879173,-0.5795879173,-3.3881916904,-6.1967954636
2011-05-05 10:00:00,Lower,-6.6967954636,0.0005259514,-0.0028019013,-0.0011379750,-0.5011379750,-3.3489667193,-6.1967954636
2011-05-05 11:00:00,Lower,-6.6967954636,0.0802168846,0.0763261972,0.0782715409,-0.4217284591,-3.3092619613,-6.1967954636
2011-05-05 12:00:00,Lower,-6.6967954636,0.1402411461,0.1368312951,0.1385362206,-0.3614637794,-3.2791296215,-6.1967954636
2011-05-05 13:00:00,Lower,-6.6967954636,0.1702842712,0.1678182966,0.1690512839,-0.3309487161,-3.2638720898,-6.1967954636
2011-05-05 14:00:00,Lower,-6.6967954636,0.1701850891,0.1699352102,0.1700601497,-0.3299398503,-3.2633676570,-6.1967954636
2011-05-05 15:00:00,Lower,-6.6967954636,0.1199483871,0.1265392790,0.1232438331,-0.3767561669,-3.2867758152,-6.1967954636
2011-05-05 16:00:00,Lower,-6.6967954636,0.0505065918,0.0646023514,0.0575544716,-0.4424455284,-3.3196204960,-6.1967954636
2011-05-05 17:00:00,Lower,-6.6967954636,-0.0093898773,0.0109693354,0.0007897291,-0.4992102709,-3.3480028673,-6.1967954636
2011-05-05 18:00:00,Lower,-6.6967954636,-0.0595650673,-0.0341192719,-0.0468421696,-0.5468421696,-3.3718188166,-6.1967954636
2011-05-05 19:00:00,Lower,-6.6967954636,-0.0892825127,-0.0636303189,-0.0764564158,-0.5764564158,-3.3866259397,-6.1967954636
2011-05-05 20:00:00,Lower,-6.6967954636,-0.0793924332,-0.0689175388,-0.0741549860,-0.5741549860,-3.3854752248,-6.1967954636
2011-05-05 21:00:00,Lower,-6.6967954636,-0.0396080017,-0.0381239831,-0.0388659924,-0.5388659924,-3.3678307280,-6.1967954636
2011-05-05 22:00:00,Lower,-6.6967954636,0.0304460526,0.0277703062,0.0291081794,-0.4708918206,-3.3338436421,-6.1967954636
2011-05-05 23:00:00,Lower,-6.6967954636,0.0905499458,0.0869420901,0.0887460180,-0.4112539820,-3.3040247228,-6.1967954636
2011-05-06 00:00:00,Lower,-6.6967954636,0.1499719620,0.1467442757,0.1483581188,-0.3516418812,-3.2742186724,-6.1967954636
2011-05-06 01:00:00,Lower,-6.6967954636,0.1803860664,0.1782294405,0.1793077535,-0.3206922465,-3.2587438550,-6.1967954636
2011-05-06 02:00:00,Lower,-6.6967954636,0.1700339317,0.1713486879,0.1706913098,-0.3293086902,-3.2630520769,-6.1967954636
2011-05-06 03:00:00,Lower,-6.6967954636,0.1106281281,0.1190729894,0.1148505587,-0.3851494413,-3.2909724524,-6.1967954636
2011-05-06 04:00:00,Lower,-6.6967954636,0.0406532288,0.0569701465,0.0488116876,-0.4511883124,-3.3239918880,-6.1967954636
2011-05-06 05:00:00,Lower,-6.6967954636,-0.0490746498,-0.0281279206,-0.0386012852,-0.5386012852,-3.3676983744,-6.1967954636
2011-05-06 06:00:00,Lower,-6.6967954636,-0.1192846298,-0.0933548215,-0.1063197257,-0.6063197257,-3.4015575946,-6.1967954636
2011-05-06 07:00:00,Lower,-6.6967954636,-0.1591291428,-0.1278500536,-0.1434895982,-0.6434895982,-3.4201425309,-6.1967954636
2011-05-06 08:00:00,Lower,-6.6967954636,-0.1694502831,-0.1476220170,-0.1585361500,-0.6585361500,-3.4276658068,-6.1967954636
2011-05-06 09:00:00,Lower,-6.6967954636,-0.1293554306,-0.1259188165,-0.1276371236,-0.6276371236,-3.4122162936,-6.1967954636
2011-05-06 10:00:00,Lower,-6.6967954636,-0.0493402481,-0.0522228245,-0.0507815363,-0.5507815363,-3.3737884999,-6.1967954636
2011-05-06 11:00:00,Lower,-6.6967954636,0.0305953026,0.0263566814,0.0284759920,-0.4715240080,-3.3341597358,-6.1967954636
2011-05-06 12:00:00,Lower,-6.6967954636,0.1206164360,0.1159658041,0.1182911200,-0.3817088800,-3.2892521718,-6.1967954636
2011-05-06 13:00:00,Lower,-6.6967954636,0.1805891991,0.1768368883,0.1787130437,-0.3212869563,-3.2590412099,-6.1967954636
2011-05-06 14:00:00,Lower,-6.6967954636,0.1999974251,0.1981388884,0.1990681567,-0.3009318433,-3.2488636534,-6.1967954636
2011-05-06 15:00:00,Lower,-6.6967954636,0.1803679466,0.1812567979,0.1808123723,-0.3191876277,-3.2579915456,-6.1967954636
2011-05-06 16:00:00,Lower,-6.6967954636,0.1205725670,0.1291294193,0.1248509931,-0.3751490069,-3.2859722352,-6.1967954636
2011-05-06 17:00:00,Lower,-6.6967954636,0.0510334969,0.0661063588,0.0585699278,-0.4414300722,-3.3191127679,-6.1967954636
2011-05-06 18:00:00,Lower,-6.6967954636,-0.0090723038,0.0118526762,0.0013901862,-0.4986098138,-3.3477026387,-6.1967954636
2011-05-06 19:00:00,Lower,-6.6967954636,-0.0694046021,-0.0429221706,-0.0561633863,-0.5561633863,-3.3764794250,-6.1967954636
2011-05-06 20:00:00,Lower,-6.6967954636,-0.0994310379,-0.0718039342,-0.0856174861,-0.5856174861,-3.3912064748,-6.1967954636
2011-05-06 21:00:00,Lower,-6.6967954636,-0.0792865753,-0.0705517488,-0.0749191620,-0.5749191620,-3.3858573128,-6.1967954636
2011-05-06 22:00:00,Lower,-6.6967954636,-0.0197772980,-0.0201667326,-0.0199720153,-0.5199720153,-3.3583837394,-6.1967954636
2011-05-06 23:00:00,Lower,-6.6967954636,0.0504884720,0.0471757366,0.0488321043,-0.4511678957,-3.3239816796,-6.1967954636
2011-05-07 00:00:00,Lower,-6.6967954636,0.1302742958,0.1258536517,0.1280639737,-0.3719360263,-3.2843657449,-6.1967954636
2011-05-01 01:00:00,Middle,-4.7865343094,0.0348701477,0.0169820967,0.0259261222,-0.4740738778,-2.3803040936,-4.2865343094
2011-05-01 02:00:00,Middle,-4.7865343094,-0.0875878334,-0.0493342667,-0.0684610500,-0.5684610500,-2.4274976797,-4.2865343094
2011-05-01 03:00:00,Middle,-4.7865343094,-0.0751743317,-0.0918484224,-0.0835113770,-0.5835113770,-2.4350228432,-4.2865343094
2011-05-01 04:00:00,Middle,-4.7865343094,-0.1040539742,-0.1031618471,-0.1036079106,-0.6036079106,-2.4450711100,-4.2865343094
2011-05-01 05:00:00,Middle,-4.7865343094,-0.0785050392,-0.0605411034,-0.0695230713,-0.5695230713,-2.4280286904,-4.2865343094
2011-05-01 06:00:00,Middle,-4.7865343094,-0.0170407295,-0.0098749411,-0.0134578353,-0.5134578353,-2.3999960723,-4.2865343094
2011-05-01 07:00:00,Middle,-4.7865343094,0.0422935486,0.0571973536,0.0497454511,-0.4502545489,-2.3683944291,-4.2865343094
2011-05-01 08:00:00,Middle,-4.7865343094,0.1003718376,0.1165476987,0.1084597682,-0.3915402318,-2.3390372706,-4.2865343094
2011-05-01 09:00:00,Middle,-4.7865343094,0.1420183182,0.1628516574,0.1524349878,-0.3475650122,-2.3170496608,-4.2865343094
2011-05-01 10:00:00,Middle,-4.7865343094,0.1512150764,0.1797419563,0.1654785164,-0.3345214836,-2.3105278965,-4.2865343094
2011-05-01 11:00:00,Middle,-4.7865343094,0.1415977478,0.1729675871,0.1572826674,-0.3427173326,-2.3146258210,-4.2865343094
2011-05-01 12:00:00,Middle,-4.7865343094,0.0956821442,0.1350526514,0.1153673978,-0.3846326022,-2.3355834558,-4.2865343094
2011-05-01 13:00:00,Middle,-4.7865343094,0.0314955711,0.0777688636,0.0546322174,-0.4453677826,-2.3659510460,-4.2865343094
2011-05-01 14:00:00,Middle,-4.7865343094,-0.0170021057,0.0245283033,0.0037630988,-0.4962369012,-2.3913856053,-4.2865343094
2011-05-01 15:00:00,Middle,-4.7865343094,-0.0582175255,-0.0174996029,-0.0378585642,-0.5378585642,-2.4121964368,-4.2865343094
2011-05-01 16:00:00,Middle,-4.7865343094,-0.0710301399,-0.0367090556,-0.0538695978,-0.5538695978,-2.4202019536,-4.2865343094
2011-05-01 17:00:00,Middle,-4.7865343094,-0.0589766502,-0.0283119768,-0.0436443135,-0.5436443135,-2.4150893115,-4.2865343094
2011-05-01 18:00:00,Middle,-4.7865343094,-0.0146374702,0.0130621739,-0.0007876482,-0.5007876482,-2.3936609788,-4.2865343094
2011-05-01 19:00:00,Middle,-4.7865343094,0.0515232086,0.0742555320,0.0628893703,-0.4371106297,-2.3618224695,-4.2865343094
2011-05-01 20:00:00,Middle,-4.7865343094,0.1061081886,0.1313076599,0.1187079243,-0.3812920757,-2.3339131926,-4.2865343094
2011-05-01 21:00:00,Middle,-4.7865343094,0.1597676277,0.1829627121,0.1713651699,-0.3286348301,-2.3075845697,-4.2865343094
2011-05-01 22:00:00,Middle,-4.7865343094,0.1788783073,0.2097357301,0.1943070187,-0.3056929813,-2.2961136453,-4.2865343094
2011-05-01 23:00:00,Middle,-4.7865343094,0.1613373756,0.1976867899,0.1795120828,-0.3204879172,-2.3035111133,-4.2865343094
2011-05-02 00:00:00,Middle,-4.7865343094,0.1113281250,0.1543877514,0.1328579382,-0.3671420618,-2.3268381856,-4.2865343094
2011-05-02 01:00:00,Middle,-4.7865343094,0.0432567596,0.0918647673,0.0675607635,-0.4324392365,-2.3594867730,-4.2865343094
2011-05-02 02:00:00,Middle,-4.7865343094,-0.0203576088,0.0275847647,0.0036135780,-0.4963864220,-2.3914603657,-4.2865343094
2011-05-02 03:00:00,Middle,-4.7865343094,-0.0681738853,-0.0249946010,-0.0465842432,-0.5465842432,-2.4165592763,-4.2865343094
2011-05-02 04:00:00,Middle,-4.7865343094,-0.1017580032,-0.0619145999,-0.0818363016,-0.5818363016,-2.4341853055,-4.2865343094
2011-05-02 05:00:00,Middle,-4.7865343094,-0.1017670631,-0.0698091664,-0.0857881148,-0.5857881148,-2.4361612121,-4.2865343094
2011-05-02 06:00:00,Middle,-4.7865343094,-0.0731191635,-0.0439461109,-0.0585326372,-0.5585326372,-2.4225334733,-4.2865343094
2011-05-02 07:00:00,Middle,-4.7865343094,-0.0140357018,0.0108344409,-0.0016006304,-0.5016006304,-2.3940674699,-4.2865343094
2011-05-02 08:00:00,Middle,-4.7865343094,0.0574693680,0.0780086803,0.0677390241,-0.4322609759,-2.3593976426,-4.2865343094
2011-05-02 09:00:00,Middle,-4.7865343094,0.1174230576,0.1400527695,0.1287379135,-0.3712620865,-2.3288981979,-4.2865343094
2011-05-02 10:00:00,Middle,-4.7865343094,0.1585025787,0.1846647717,0.1715836752,-0.3284163248,-2.3074753171,-4.2865343094
2011-05-02 11:00:00,Middle,-4.7865343094,0.1696271896,0.2011084240,0.1853678068,-0.3146321932,-2.3005832513,-4.2865343094
2011-05-02 12:00:00,Middle,-4.7865343094,0.1501178741,0.1864126351,0.1682652546,-0.3317347454,-2.3091345274,-4.2865343094
2011-05-02 13:00:00,Middle,-4.7865343094,0.1022648811,0.1450031249,0.1236340030,-0.3763659970,-2.3314501532,-4.2865343094
2011-05-02 14:00:00,Middle,-4.7865343094,0.0406303406,0.0882430810,0.0644367108,-0.4355632892,-2.3610487993,-4.2865343094
2011-05-02 15:00:00,Middle,-4.7865343094,-0.0099911690,0.0345040518,0.0122564414,-0.4877435586,-2.3871389340,-4.2865343094
2011-05-02 16:00:00,Middle,-4.7865343094,-0.0410466194,-0.0018015036,-0.0214240615,-0.5214240615,-2.4039791854,-4.2865343094
2011-05-02 17:00:00,Middle,-4.7865343094,-0.0600447655,-0.0232851237,-0.0416649446,-0.5416649446,-2.4140996270,-4.2865343094
2011-05-02 18:00:00,Middle,-4.7865343094,-0.0453343391,-0.0135370636,-0.0294357014,-0.5294357014,-2.4079850054,-4.2865343094
2011-05-02 19:00:00,Middle,-4.7865343094,0.0083847046,0.0339181535,0.0211514291,-0.4788485709,-2.3826914402,-4.2865343094
2011-05-02 20:00:00,Middle,-4.7865343094,0.0661892891,0.0924863329,0.0793378110,-0.4206621890,-2.3535982492,-4.2865343094
2011-05-02 21:00:00,Middle,-4.7865343094,0.1278734207,0.1503342716,0.1391038462,-0.3608961538,-2.3237152316,-4.2865343094
2011-05-02 22:00:00,Middle,-4.7865343094,0.1683411598,0.1958594286,0.1821002942,-0.3178997058,-2.3022170076,-4.2865343094
2011-05-02 23:00:00,Middle,-4.7865343094,0.1789216995,0.2114750165,0.1951983580,-0.3048016420,-2.2956679757,-4.2865343094
2011-05-03 00:00:00,Middle,-4.7865343094,0.1512913704,0.1895148676,0.1704031190,-0.3295968810,-2.3080655952,-4.2865343094
2011-05-03 01:00:00,Middle,-4.7865343094,0.0995635986,0.1435919676,0.1215777831,-0.3784222169,-2.3324782631,-4.2865343094
2011-05-03 02:00:00,Middle,-4.7865343094,0.0328683853,0.0818514818,0.0573599336,-0.4426400664,-2.3645871879,-4.2865343094
2011-05-03 03:00:00,Middle,-4.7865343094,-0.0319948196,0.0175758243,-0.0072094977,-0.5072094977,-2.3968719035,-4.2865343094
2011-05-03 04:00:00,Middle,-4.7865343094,-0.0786504745,-0.0351638563,-0.0569071654,-0.5569071654,-2.4217207374,-4.2865343094
2011-05-03 05:00:00,Middle,-4.7865343094,-0.1217074394,-0.0784586879,-0.1000830636,-0.6000830636,-2.4433086865,-4.2865343094
2011-05-03 06:00:00,Middle,-4.7865343094,-0.1155490875,-0.0838856735,-0.0997173805,-0.5997173805,-2.4431258450,-4.2865343094
2011-05-03 07:00:00,Middle,-4.7865343094,-0.0715198517,-0.0452294821,-0.0583746669,-0.5583746669,-2.4224544881,-4.2865343094
2011-05-03 08:00:00,Middle,-4.7865343094,-0.0154781342,0.0115539981,-0.0019620680,-0.5019620680,-2.3942481887,-4.2865343094
2011-05-03 09:00:00,Middle,-4.7865343094,0.0664663315,0.0835222582,0.0749942948,-0.4250057052,-2.3557700073,-4.2865343094
2011-05-03 10:00:00,Middle,-4.7865343094,0.1289982796,0.1510058126,0.1400020461,-0.3599979539,-2.3232661317,-4.2865343094
2011-05-03 11:00:00,Middle,-4.7865343094,0.1668920517,0.1945283721,0.1807102119,-0.3192897881,-2.3029120487,-4.2865343094
2011-05-03 12:00:00,Middle,-4.7865343094,0.1717925072,0.2041438556,0.1879681814,-0.3120318186,-2.2992830640,-4.2865343094
2011-05-03 13:00:00,Middle,-4.7865343094,0.1386184692,0.1789791225,0.1587987958,-0.3412012042,-2.3138677568,-4.2865343094
2011-05-03 14:00:00,Middle,-4.7865343094,0.0929002762,0.1350794384,0.1139898573,-0.3860101427,-2.3362722260,-4.2865343094
2011-05-03 15:00:00,Middle,-4.7865343094,0.0305423737,0.0791238315,0.0548331026,-0.4451668974,-2.3658506034,-4.2865343094
2011-05-03 16:00:00,Middle,-4.7865343094,-0.0195808411,0.0252570641,0.0028381115,-0.4971618885,-2.3918480989,-4.2865343094
2011-05-03 17:00:00,Middle,-4.7865343094,-0.0598607063,-0.0174231232,-0.0386419147,-0.5386419147,-2.4125881121,-4.2865343094
2011-05-03 18:00:00,Middle,-4.7865343094,-0.0644030571,-0.0299052300,-0.0471541436,-0.5471541436,-2.4168442265,-4.2865343094
2011-05-03 19:00:00,Middle,-4.7865343094,-0.0397281647,-0.0098479549,-0.0247880598,-0.5247880598,-2.4056611846,-4.2865343094
2011-05-03 20:00:00,Middle,-4.7865343094,0.0036487579,0.0334996766,0.0185742173,-0.4814257827,-2.3839800460,-4.2865343094
2011-05-03 21:00:00,Middle,-4.7865343094,0.0789070129,0.0986562017,0.0887816073,-0.4112183927,-2.3488763510,-4.2865343094
2011-05-03 22:00:00,Middle,-4.7865343094,0.1365275383,0.1610667980,0.1487971681,-0.3512028319,-2.3188685706,-4.2865343094
2011-05-03 23:00:00,Middle,-4.7865343094,0.1784415245,0.2052417065,0.1918416155,-0.3081583845,-2.2973463470,-4.2865343094
2011-05-04 00:00:00,Middle,-4.7865343094,0.1802382469,0.2140667975,0.1971525222,-0.3028474778,-2.2946908936,-4.2865343094
2011-05-04 01:00:00,Middle,-4.7865343094,0.1495156288,0.1883756130,0.1689456209,-0.3310543791,-2.3087943442,-4.2865343094
2011-05-04 02:00:00,Middle,-4.7865343094,0.0930414200,0.1377249474,0.1153831837,-0.3846168163,-2.3355755628,-4.2865343094
2011-05-04 03:00:00,Middle,-4.7865343094,0.0119047165,0.0659187844,0.0389117504,-0.4610882496,-2.3738112795,-4.2865343094
2011-05-04 04:00:00,Middle,-4.7865343094,-0.0507621765,-0.0024426515,-0.0266024140,-0.5266024140,-2.4065683617,-4.2865343094
2011-05-04 05:00:00,Middle,-4.7865343094,-0.0978903770,-0.0536572267,-0.0757738018,-0.5757738018,-2.4311540556,-4.2865343094
2011-05-04 06:00:00,Middle,-4.7865343094,-0.1325097084,-0.0898873790,-0.1111985437,-0.6111985437,-2.4488664265,-4.2865343094
2011-05-04 07:00:00,Middle,-4.7865343094,-0.1225337982,-0.0902301926,-0.1063819954,-0.6063819954,-2.4464581524,-4.2865343094
2011-05-04 08:00:00,Middle,-4.7865343094,-0.0737218857,-0.0465134673,-0.0601176765,-0.5601176765,-2.4233259929,-4.2865343094
2011-05-04 09:00:00,Middle,-4.7865343094,0.0063652992,0.0263864384,0.0163758688,-0.4836241312,-2.3850792203,-4.2865343094
2011-05-04 10:00:00,Middle,-4.7865343094,0.0895142555,0.1065824497,0.0980483526,-0.4019516474,-2.3442429784,-4.2865343094
2011-05-04 11:00:00,Middle,-4.7865343094,0.1497130394,0.1738840061,0.1617985228,-0.3382014772,-2.3123678933,-4.2865343094
2011-05-04 12:00:00,Middle,-4.7865343094,0.1824975014,0.2096815092,0.1960895053,-0.3039104947,-2.2952224020,-4.2865343094
2011-05-04 13:00:00,Middle,-4.7865343094,0.1775884628,0.2127052472,0.1951468550,-0.3048531450,-2.2956937272,-4.2865343094
2011-05-04 14:00:00,Middle,-4.7865343094,0.1423983574,0.1825434204,0.1624708889,-0.3375291111,-2.3120317103,-4.2865343094
2011-05-04 15:00:00,Middle,-4.7865343094,0.0788054466,0.1273220508,0.1030637487,-0.3969362513,-2.3417352803,-4.2865343094
2011-05-04 16:00:00,Middle,-4.7865343094,0.0201406479,0.0680661529,0.0441034004,-0.4558965996,-2.3712154545,-4.2865343094
2011-05-04 17:00:00,Middle,-4.7865343094,-0.0313429832,0.0156553509,-0.0078438162,-0.5078438162,-2.3971890628,-4.2865343094
2011-05-04 18:00:00,Middle,-4.7865343094,-0.0700674057,-0.0260064535,-0.0480369296,-0.5480369296,-2.4172856195,-4.2865343094
2011-05-04 19:00:00,Middle,-4.7865343094,-0.0836148262,-0.0451902959,-0.0644025610,-0.5644025610,-2.4254684352,-4.2865343094
2011-05-04 20:00:00,Middle,-4.7865343094,-0.0535454750,-0.0227201895,-0.0381328322,-0.5381328322,-2.4123335708,-4.2865343094
2011-05-04 21:00:00,Middle,-4.7865343094,0.0060477257,0.0336144665,0.0198310961,-0.4801689039,-2.3833516067,-4.2865343094
2011-05-04 22:00:00,Middle,-4.7865343094,0.0684561729,0.0947144226,0.0815852977,-0.4184147023,-2.3524745058,-4.2865343094
2011-05-04 23:00:00,Middle,-4.7865343094,0.1259779930,0.1511998116,0.1385889023,-0.3614110977,-2.3239727035,-4.2865343094
2011-05-05 00:00:00,Middle,-4.7865343094,0.1608352661,0.1900052213,0.1754202437,-0.3245797563,-2.3055570329,-4.2865343094
2011-05-05 01:00:00,Middle,-4.7865343094,0.1577243805,0.1945181930,0.1761212867,-0.3238787133,-2.3052065113,-4.2865343094
2011-05-05 02:00:00,Middle,-4.7865343094,0.1230096817,0.1645094018,0.1437595417,-0.3562404583,-2.3213873838,-4.2865343094
2011-05-05 03:00:00,Middle,-4.7865343094,0.0598082542,0.1105412420,0.0851747481,-0.4148252519,-2.3506797806,-4.2865343094
2011-05-05 04:00:00,Middle,-4.7865343094,-0.0158824921,0.0397812327,0.0119493703,-0.4880506297,-2.3872924695,-4.2865343094
2011-05-05 05:00:00,Middle,-4.7865343094,-0.0830421448,-0.0283927238,-0.0557174343,-0.5557174343,-2.4211258718,-4.2865343094
2011-05-05 06:00:00,Middle,-4.7865343094,-0.1270456314,-0.0797262234,-0.1033859274,-0.6033859274,-2.4449601184,-4.2865343094
2011-05-05 07:00:00,Middle,-4.7865343094,-0.1460380554,-0.1029968784,-0.1245174669,-0.6245174669,-2.4555258881,-4.2865343094
2011-05-05 08:00:00,Middle,-4.7865343094,-0.1194047928,-0.0870135573,-0.1032091751,-0.6032091751,-2.4448717422,-4.2865343094
2011-05-05 09:00:00,Middle,-4.7865343094,-0.0759906769,-0.0419327036,-0.0589616903,-0.5589616903,-2.4227479998,-4.2865343094
2011-05-05 10:00:00,Middle,-4.7865343094,0.0072236061,0.0288735073,0.0180485567,-0.4819514433,-2.3842428763,-4.2865343094
2011-05-05 11:00:00,Middle,-4.7865343094,0.0877938271,0.1084419662,0.0981178966,-0.4018821034,-2.3442082064,-4.2865343094
2011-05-05 12:00:00,Middle,-4.7865343094,0.1476244926,0.1738741538,0.1607493232,-0.3392506768,-2.3128924931,-4.2865343094
2011-05-05 13:00:00,Middle,-4.7865343094,0.1791858673,0.2105201049,0.1948529861,-0.3051470139,-2.2958406616,-4.2865343094
2011-05-05 14:00:00,Middle,-4.7865343094,0.1788930893,0.2164579123,0.1976755008,-0.3023244992,-2.2944294043,-4.2865343094
2011-05-05 15:00:00,Middle,-4.7865343094,0.1335153580,0.1803252933,0.1569203256,-0.3430796744,-2.3148069919,-4.2865343094
2011-05-05 16:00:00,Middle,-4.7865343094,0.0600123405,0.1161995727,0.0881059566,-0.4118940434,-2.3492141764,-4.2865343094
2011-05-05 17:00:00,Middle,-4.7865343094,0.0009140968,0.0525100831,0.0267120900,-0.4732879100,-2.3799111097,-4.2865343094
2011-05-05 18:00:00,Middle,-4.7865343094,-0.0499072075,0.0006993582,-0.0246039246,-0.5246039246,-2.4055691170,-4.2865343094
2011-05-05 19:00:00,Middle,-4.7865343094,-0.0815224648,-0.0351289999,-0.0583257323,-0.5583257323,-2.4224300209,-4.2865343094
2011-05-05 20:00:00,Middle,-4.7865343094,-0.0736970901,-0.0357744077,-0.0547357489,-0.5547357489,-2.4206350292,-4.2865343094
2011-05-05 21:00:00,Middle,-4.7865343094,-0.0327372551,0.0008337188,-0.0159517681,-0.5159517681,-2.4012430388,-4.2865343094
2011-05-05 22:00:00,Middle,-4.7865343094,0.0348715782,0.0639973420,0.0494344601,-0.4505655399,-2.3685499246,-4.2865343094
2011-05-05 23:00:00,Middle,-4.7865343094,0.1002578735,0.1280894386,0.1141736561,-0.3858263439,-2.3361803267,-4.2865343094
2011-05-06 00:00:00,Middle,-4.7865343094,0.1534519196,0.1838840772,0.1686679984,-0.3313320016,-2.3089331555,-4.2865343094
2011-05-06 01:00:00,Middle,-4.7865343094,0.1915426254,0.2229482855,0.2072454555,-0.2927545445,-2.2896444270,-4.2865343094
2011-05-06 02:00:00,Middle,-4.7865343094,0.1771707535,0.2205731122,0.1988719328,-0.3011280672,-2.2938311883,-4.2865343094
2011-05-06 03:00:00,Middle,-4.7865343094,0.1242241859,0.1742837026,0.1492539443,-0.3507460557,-2.3186401826,-4.2865343094
2011-05-06 04:00:00,Middle,-4.7865343094,0.0480685234,0.1070234173,0.0775459704,-0.4224540296,-2.3544941695,-4.2865343094
2011-05-06 05:00:00,Middle,-4.7865343094,-0.0341463089,0.0262135497,-0.0039663796,-0.5039663796,-2.3952503445,-4.2865343094
2011-05-06 06:00:00,Middle,-4.7865343094,-0.1143460274,-0.0537880610,-0.0840670442,-0.5840670442,-2.4353006768,-4.2865343094
2011-05-06 07:00:00,Middle,-4.7865343094,-0.1489419937,-0.1023774354,-0.1256597145,-0.6256597145,-2.4560970120,-4.2865343094
2011-05-06 08:00:00,Middle,-4.7865343094,-0.1642045975,-0.1199245468,-0.1420645721,-0.6420645721,-2.4642994408,-4.2865343094
2011-05-06 09:00:00,Middle,-4.7865343094,-0.1247687340,-0.0910836242,-0.1079261791,-0.6079261791,-2.4472302442,-4.2865343094
2011-05-06 10:00:00,Middle,-4.7865343094,-0.0437784195,-0.0184907512,-0.0311345854,-0.5311345854,-2.4088344474,-4.2865343094
2011-05-06 11:00:00,Middle,-4.7865343094,0.0384502411,0.0623623212,0.0504062811,-0.4495937189,-2.3680640141,-4.2865343094
2011-05-06 12:00:00,Middle,-4.7865343094,0.1253166199,0.1466795208,0.1359980703,-0.3640019297,-2.3252681195,-4.2865343094
2011-05-06 13:00:00,Middle,-4.7865343094,0.1914267540,0.2180328890,0.2047298215,-0.2952701785,-2.2909022439,-4.2865343094
2011-05-06 14:00:00,Middle,-4.7865343094,0.2069630623,0.2464950652,0.2267290637,-0.2732709363,-2.2799026228,-4.2865343094
2011-05-06 15:00:00,Middle,-4.7865343094,0.1924142838,0.2353076834,0.2138609836,-0.2861390164,-2.2863366629,-4.2865343094
2011-05-06 16:00:00,Middle,-4.7865343094,0.1314244270,0.1867206274,0.1590725272,-0.3409274728,-2.3137308911,-4.2865343094
2011-05-06 17:00:00,Middle,-4.7865343094,0.0617070198,0.1195260048,0.0906165123,-0.4093834877,-2.3479588985,-4.2865343094
2011-05-06 18:00:00,Middle,-4.7865343094,0.0006680489,0.0558783521,0.0282732005,-0.4717267995,-2.3791305544,-4.2865343094
2011-05-06 19:00:00,Middle,-4.7865343094,-0.0585618019,-0.0023544979,-0.0304581499,-0.5304581499,-2.4084962297,-4.2865343094
2011-05-06 20:00:00,Middle,-4.7865343094,-0.0938744545,-0.0435904383,-0.0687324464,-0.5687324464,-2.4276333779,-4.2865343094
2011-05-06 21:00:00,Middle,-4.7865343094,-0.0736241341,-0.0369265678,-0.0552753509,-0.5552753509,-2.4209048302,-4.2865343094
2011-05-06 22:00:00,Middle,-4.7865343094,-0.0149898529,0.0171489715,0.0010795593,-0.4989204407,-2.3927273750,-4.2865343094
2011-05-06 23:00:00,Middle,-4.7865343094,0.0574302673,0.0875523169,0.0724912921,-0.4275087079,-2.3570215086,-4.2865343094
2011-05-07 00:00:00,Middle,-4.7865343094,0.1347017288,0.1613018259,0.1480017774,-0.3519982226,-2.3192662660,-4.2865343094
2011-05-01 01:00:00,Upper,-3.9888591766,0.1329216957,0.0664286324,0.0996751640,-0.4003248360,-1.9445920063,-3.4888591766
2011-05-01 02:00:00,Upper,-3.9888591766,-0.0929780006,-0.0297394144,-0.0613587075,-0.5613587075,-2.0251089421,-3.4888591766
2011-05-01 03:00:00,Upper,-3.9888591766,-0.0534482002,-0.0803053563,-0.0668767782,-0.5668767782,-2.0278679774,-3.4888591766
2011-05-01 04:00:00,Upper,-3.9888591766,-0.1038203239,-0.0985495353,-0.1011849296,-0.6011849296,-2.0450220531,-3.4888591766
2011-05-01 05:00:00,Upper,-3.9888591766,-0.0772311687,-0.0479650531,-0.0625981109,-0.5625981109,-2.0257286438,-3.4888591766
2011-05-01 06:00:00,Upper,-3.9888591766,-0.0173461437,-0.0150422136,-0.0161941787,-0.5161941787,-2.0025266777,-3.4888591766
2011-05-01 07:00:00,Upper,-3.9888591766,0.0444607735,0.0594930811,0.0519769273,-0.4480230727,-1.9684411247,-3.4888591766
2011-05-01 08:00:00,Upper,-3.9888591766,0.1039862633,0.1193465982,0.1116664307,-0.3883335693,-1.9385963729,-3.4888591766
2011-05-01 09:00:00,Upper,-3.9888591766,0.1515245438,0.1713695399,0.1614470418,-0.3385529582,-1.9137060674,-3.4888591766
2011-05-01 10:00:00,Upper,-3.9888591766,0.1638121605,0.1945419308,0.1791770457,-0.3208229543,-1.9048410655,-3.4888591766
2011-05-01 11:00:00,Upper,-3.9888591766,0.1565289497,0.1900138749,0.1732714123,-0.3267285877,-1.9077938822,-3.4888591766
2011-05-01 12:00:00,Upper,-3.9888591766,0.1169638634,0.1620324868,0.1394981751,-0.3605018249,-1.9246805008,-3.4888591766
2011-05-01 13:00:00,Upper,-3.9888591766,0.0473690033,0.1048266079,0.0760978056,-0.4239021944,-1.9563806855,-3.4888591766
2011-05-01 14:00:00,Upper,-3.9888591766,-0.0015642643,0.0486844212,0.0235600785,-0.4764399215,-1.9826495491,-3.4888591766
2011-05-01 15:00:00,Upper,-3.9888591766,-0.0446376801,0.0051042981,-0.0197666910,-0.5197666910,-2.0043129338,-3.4888591766
2011-05-01 16:00:00,Upper,-3.9888591766,-0.0619482994,-0.0232105946,-0.0425794470,-0.5425794470,-2.0157193118,-3.4888591766
2011-05-01 17:00:00,Upper,-3.9888591766,-0.0477111340,-0.0164969788,-0.0321040564,-0.5321040564,-2.0104816165,-3.4888591766
2011-05-01 18:00:00,Upper,-3.9888591766,-0.0103101730,0.0170442246,0.0033670258,-0.4966329742,-1.9927460754,-3.4888591766
2011-05-01 19:00:00,Upper,-3.9888591766,0.0645918846,0.0831354737,0.0738636791,-0.4261363209,-1.9574977487,-3.4888591766
2011-05-01 20:00:00,Upper,-3.9888591766,0.1161646843,0.1401714179,0.1281680511,-0.3718319489,-1.9303455628,-3.4888591766
2011-05-01 21:00:00,Upper,-3.9888591766,0.1769728661,0.1939347183,0.1854537922,-0.3145462078,-1.9017026922,-3.4888591766
2011-05-01 22:00:00,Upper,-3.9888591766,0.1980848312,0.2268442135,0.2124645224,-0.2875354776,-1.8881973271,-3.4888591766
2011-05-01 23:00:00,Upper,-3.9888591766,0.1854681969,0.2220057983,0.2037369976,-0.2962630024,-1.8925610895,-3.4888591766
2011-05-02 00:00:00,Upper,-3.9888591766,0.1350836754,0.1819897679,0.1585367216,-0.3414632784,-1.9151612275,-3.4888591766
2011-05-02 01:00:00,Upper,-3.9888591766,0.0678482056,0.1233925070,0.0956203563,-0.4043796437,-1.9466194102,-3.4888591766
2011-05-02 02:00:00,Upper,-3.9888591766,-0.0021402836,0.0556780991,0.0267689078,-0.4732310922,-1.9810451344,-3.4888591766
2011-05-02 03:00:00,Upper,-3.9888591766,-0.0491962433,0.0011592471,-0.0240184981,-0.5240184981,-2.0064388374,-3.4888591766
2011-05-02 04:00:00,Upper,-3.9888591766,-0.0883460045,-0.0412039723,-0.0647749884,-0.5647749884,-2.0268170825,-3.4888591766
2011-05-02 05:00:00,Upper,-3.9888591766,-0.0904059410,-0.0578333521,-0.0741196465,-0.5741196465,-2.0314894116,-3.4888591766
2011-05-02 06:00:00,Upper,-3.9888591766,-0.0638747215,-0.0364065597,-0.0501406406,-0.5501406406,-2.0194999086,-3.4888591766
2011-05-02 07:00:00,Upper,-3.9888591766,-0.0061156750,0.0161754960,0.0050299105,-0.4949700895,-1.9919146331,-3.4888591766
2011-05-02 08:00:00,Upper,-3.9888591766,0.0690174103,0.0848048624,0.0769111364,-0.4230888636,-1.9559740201,-3.4888591766
2011-05-02 09:00:00,Upper,-3.9888591766,0.1311798096,0.1504284487,0.1408041291,-0.3591958709,-1.9240275237,-3.4888591766
2011-05-02 10:00:00,Upper,-3.9888591766,0.1755814552,0.1986261092,0.1871037822,-0.3128962178,-1.9008776972,-3.4888591766
2011-05-02 11:00:00,Upper,-3.9888591766,0.1903710365,0.2205424638,0.2054567501,-0.2945432499,-1.8917012132,-3.4888591766
2011-05-02 12:00:00,Upper,-3.9888591766,0.1729078293,0.2108111630,0.1918594961,-0.3081405039,-1.8984998403,-3.4888591766
2011-05-02 13:00:00,Upper,-3.9888591766,0.1271939278,0.1746575969,0.1509257623,-0.3490742377,-1.9189667071,-3.4888591766
2011-05-02 14:00:00,Upper,-3.9888591766,0.0623965263,0.1181828090,0.0902896677,-0.4097103323,-1.9492847545,-3.4888591766
2011-05-02 15:00:00,Upper,-3.9888591766,0.0089464188,0.0611046053,0.0350255120,-0.4649744880,-1.9769168323,-3.4888591766
2011-05-02 16:00:00,Upper,-3.9888591766,-0.0258100033,0.0196053263,-0.0031023385,-0.5031023385,-1.9959807576,-3.4888591766
2011-05-02 17:00:00,Upper,-3.9888591766,-0.0446276665,-0.0027526368,-0.0236901516,-0.5236901516,-2.0062746641,-3.4888591766
2011-05-02 18:00:00,Upper,-3.9888591766,-0.0378282070,-0.0053635680,-0.0215958875,-0.5215958875,-2.0052275321,-3.4888591766
2011-05-02 19:00:00,Upper,-3.9888591766,0.0195965767,0.0420704070,0.0308334919,-0.4691665081,-1.9790128424,-3.4888591766
2011-05-02 20:00:00,Upper,-3.9888591766,0.0765714645,0.1029204160,0.0897459403,-0.4102540597,-1.9495566182,-3.4888591766
2011-05-02 21:00:00,Upper,-3.9888591766,0.1419267654,0.1613626814,0.1516447234,-0.3483552766,-1.9186072266,-3.4888591766
2011-05-02 22:00:00,Upper,-3.9888591766,0.1852412224,0.2115085143,0.1983748683,-0.3016251317,-1.8952421542,-3.4888591766
2011-05-02 23:00:00,Upper,-3.9888591766,0.1990098953,0.2321027665,0.2155563309,-0.2844436691,-1.8866514229,-3.4888591766
2011-05-03 00:00:00,Upper,-3.9888591766,0.1758928299,0.2183313344,0.1971120821,-0.3028879179,-1.8958735472,-3.4888591766
2011-05-03 01:00:00,Upper,-3.9888591766,0.1214218140,0.1726671763,0.1470444951,-0.3529555049,-1.9209073408,-3.4888591766
2011-05-03 02:00:00,Upper,-3.9888591766,0.0578427315,0.1154569526,0.0866498421,-0.4133501579,-1.9511046673,-3.4888591766
2011-05-03 03:00:00,Upper,-3.9888591766,-0.0151355267,0.0469603583,0.0159124158,-0.4840875842,-1.9864733804,-3.4888591766
2011-05-03 04:00:00,Upper,-3.9888591766,-0.0599558353,-0.0077616092,-0.0338587223,-0.5338587223,-2.0113589494,-3.4888591766
2011-05-03 05:00:00,Upper,-3.9888591766,-0.1068284512,-0.0530647773,-0.0799466142,-0.5799466142,-2.0344028954,-3.4888591766
2011-05-03 06:00:00,Upper,-3.9888591766,-0.1084916592,-0.0760170243,-0.0922543417,-0.5922543417,-2.0405567592,-3.4888591766
2011-05-03 07:00:00,Upper,-3.9888591766,-0.0600686073,-0.0361065598,-0.0480875836,-0.5480875836,-2.0184733801,-3.4888591766
2011-05-03 08:00:00,Upper,-3.9888591766,-0.0078287125,0.0200930747,0.0061321811,-0.4938678189,-1.9913634977,-3.4888591766
2011-05-03 09:00:00,Upper,-3.9888591766,0.0776524544,0.0900991125,0.0838757835,-0.4161242165,-1.9524916966,-3.4888591766
2011-05-03 10:00:00,Upper,-3.9888591766,0.1460151672,0.1650470184,0.1555310928,-0.3444689072,-1.9166640419,-3.4888591766
2011-05-03 11:00:00,Upper,-3.9888591766,0.1830668449,0.2106575527,0.1968621988,-0.3031378012,-1.8959984889,-3.4888591766
2011-05-03 12:00:00,Upper,-3.9888591766,0.1963920593,0.2287747798,0.2125834196,-0.2874165804,-1.8881378785,-3.4888591766
2011-05-03 13:00:00,Upper,-3.9888591766,0.1608710289,0.2063741917,0.1836226103,-0.3163773897,-1.9026182832,-3.4888591766
2011-05-03 14:00:00,Upper,-3.9888591766,0.1192913055,0.1654657418,0.1423785237,-0.3576214763,-1.9232403265,-3.4888591766
2011-05-03 15:00:00,Upper,-3.9888591766,0.0532517433,0.1109349512,0.0820933472,-0.4179066528,-1.9533829147,-3.4888591766
2011-05-03 16:00:00,Upper,-3.9888591766,0.0009093285,0.0533524555,0.0271308920,-0.4728691080,-1.9808641423,-3.4888591766
2011-05-03 17:00:00,Upper,-3.9888591766,-0.0408480167,0.0086106987,-0.0161186590,-0.5161186590,-2.0024889178,-3.4888591766
2011-05-03 18:00:00,Upper,-3.9888591766,-0.0535235405,-0.0170048363,-0.0352641884,-0.5352641884,-2.0120616825,-3.4888591766
2011-05-03 19:00:00,Upper,-3.9888591766,-0.0242958069,0.0038670041,-0.0102144014,-0.5102144014,-1.9995367890,-3.4888591766
2011-05-03 20:00:00,Upper,-3.9888591766,0.0110955238,0.0412129286,0.0261542262,-0.4738457738,-1.9813524752,-3.4888591766
2011-05-03 21:00:00,Upper,-3.9888591766,0.0927643776,0.1074552162,0.1001097969,-0.3998902031,-1.9443746899,-3.4888591766
2011-05-03 22:00:00,Upper,-3.9888591766,0.1511321068,0.1741907383,0.1626614225,-0.3373385775,-1.9130988770,-3.4888591766
2011-05-03 23:00:00,Upper,-3.9888591766,0.1973838806,0.2216684379,0.2095261593,-0.2904738407,-1.8896665087,-3.4888591766
2011-05-04 00:00:00,Upper,-3.9888591766,0.2035422325,0.2381825689,0.2208624007,-0.2791375993,-1.8839983880,-3.4888591766
2011-05-04 01:00:00,Upper,-3.9888591766,0.1729583740,0.2160638726,0.1945111233,-0.3054888767,-1.8971740267,-3.4888591766
2011-05-04 02:00:00,Upper,-3.9888591766,0.1202239990,0.1704834477,0.1453537233,-0.3546462767,-1.9217527266,-3.4888591766
2011-05-04 03:00:00,Upper,-3.9888591766,0.0368323326,0.1024643820,0.0696483573,-0.4303516427,-1.9596054097,-3.4888591766
2011-05-04 04:00:00,Upper,-3.9888591766,-0.0322585106,0.0263923674,-0.0029330716,-0.5029330716,-1.9958961241,-3.4888591766
2011-05-04 05:00:00,Upper,-3.9888591766,-0.0775737762,-0.0267195525,-0.0521466644,-0.5521466644,-2.0205029205,-3.4888591766
2011-05-04 06:00:00,Upper,-3.9888591766,-0.1188440323,-0.0684443608,-0.0936441965,-0.5936441965,-2.0412516866,-3.4888591766
2011-05-04 07:00:00,Upper,-3.9888591766,-0.1111900806,-0.0811008101,-0.0961454454,-0.5961454454,-2.0425023110,-3.4888591766
2011-05-04 08:00:00,Upper,-3.9888591766,-0.0644254684,-0.0402791362,-0.0523523023,-0.5523523023,-2.0206057395,-3.4888591766
2011-05-04 09:00:00,Upper,-3.9888591766,0.0162973404,0.0332616621,0.0247795013,-0.4752204987,-1.9820398377,-3.4888591766
2011-05-04 10:00:00,Upper,-3.9888591766,0.1051349640,0.1179249748,0.1115299694,-0.3884700306,-1.9386646036,-3.4888591766
2011-05-04 11:00:00,Upper,-3.9888591766,0.1690258980,0.1916606588,0.1803432784,-0.3196567216,-1.9042579491,-3.4888591766
2011-05-04 12:00:00,Upper,-3.9888591766,0.2074851990,0.2303436947,0.2189144469,-0.2810855531,-1.8849723649,-3.4888591766
2011-05-04 13:00:00,Upper,-3.9888591766,0.1996650696,0.2349063989,0.2172857342,-0.2827142658,-1.8857867212,-3.4888591766
2011-05-04 14:00:00,Upper,-3.9888591766,0.1706180573,0.2117364258,0.1911772415,-0.3088227585,-1.8988409676,-3.4888591766
2011-05-04 15:00:00,Upper,-3.9888591766,0.1014637947,0.1563181030,0.1288909489,-0.3711090511,-1.9299841139,-3.4888591766
2011-05-04 16:00:00,Upper,-3.9888591766,0.0420660973,0.0945964318,0.0683312645,-0.4316687355,-1.9602639560,-3.4888591766
2011-05-04 17:00:00,Upper,-3.9888591766,-0.0135233402,0.0386705091,0.0125735845,-0.4874264155,-1.9881427961,-3.4888591766
2011-05-04 18:00:00,Upper,-3.9888591766,-0.0526871681,-0.0043987386,-0.0285429534,-0.5285429534,-2.0087010650,-3.4888591766
2011-05-04 19:00:00,Upper,-3.9888591766,-0.0718927383,-0.0328054598,-0.0523490991,-0.5523490991,-2.0206041379,-3.4888591766
2011-05-04 20:00:00,Upper,-3.9888591766,-0.0433819294,-0.0183491036,-0.0308655165,-0.5308655165,-2.0098623466,-3.4888591766
2011-05-04 21:00:00,Upper,-3.9888591766,0.0159878731,0.0381663147,0.0270770939,-0.4729229061,-1.9808910414,-3.4888591766
2011-05-04 22:00:00,Upper,-3.9888591766,0.0832018852,0.1041744848,0.0936881850,-0.4063118150,-1.9475854958,-3.4888591766
2011-05-04 23:00:00,Upper,-3.9888591766,0.1396603584,0.1602813698,0.1499708641,-0.3500291359,-1.9194441563,-3.4888591766
2011-05-05 00:00:00,Upper,-3.9888591766,0.1826186180,0.2067089607,0.1946637893,-0.3053362107,-1.8970976936,-3.4888591766
2011-05-05 01:00:00,Upper,-3.9888591766,0.1781859398,0.2144721969,0.1963290683,-0.3036709317,-1.8962650542,-3.4888591766
2011-05-05 02:00:00,Upper,-3.9888591766,0.1508259773,0.1925278125,0.1716768949,-0.3283231051,-1.9085911409,-3.4888591766
2011-05-05 03:00:00,Upper,-3.9888591766,0.0831141472,0.1390118941,0.1110630207,-0.3889369793,-1.9388980780,-3.4888591766
2011-05-05 04:00:00,Upper,-3.9888591766,0.0119991302,0.0731627670,0.0425809486,-0.4574190514,-1.9731391140,-3.4888591766
2011-05-05 05:00:00,Upper,-3.9888591766,-0.0668985844,-0.0027201964,-0.0348093904,-0.5348093904,-2.0118342835,-3.4888591766
2011-05-05 06:00:00,Upper,-3.9888591766,-0.1052949429,-0.0562208891,-0.0807579160,-0.5807579160,-2.0348085463,-3.4888591766
2011-05-05 07:00:00,Upper,-3.9888591766,-0.1374289989,-0.0921012869,-0.1147651429,-0.6147651429,-2.0518121598,-3.4888591766
2011-05-05 08:00:00,Upper,-3.9888591766,-0.1044220924,-0.0805961270,-0.0925091097,-0.5925091097,-2.0406841432,-3.4888591766
2011-05-05 09:00:00,Upper,-3.9888591766,-0.0682532787,-0.0385154588,-0.0533843687,-0.5533843687,-2.0211217727,-3.4888591766
2011-05-05 10:00:00,Upper,-3.9888591766,0.0186333656,0.0315073065,0.0250703360,-0.4749296640,-1.9818944203,-3.4888591766
2011-05-05 11:00:00,Upper,-3.9888591766,0.1022009850,0.1142128499,0.1082069174,-0.3917930826,-1.9403261296,-3.4888591766
2011-05-05 12:00:00,Upper,-3.9888591766,0.1649918556,0.1842490773,0.1746204664,-0.3253795336,-1.9071193551,-3.4888591766
2011-05-05 13:00:00,Upper,-3.9888591766,0.2010016441,0.2254292123,0.2132154282,-0.2867845718,-1.8878218742,-3.4888591766
2011-05-05 14:00:00,Upper,-3.9888591766,0.2019224167,0.2348408302,0.2183816234,-0.2816183766,-1.8852387766,-3.4888591766
2011-05-05 15:00:00,Upper,-3.9888591766,0.1633658409,0.2088754457,0.1861206433,-0.3138793567,-1.9013692667,-3.4888591766
2011-05-05 16:00:00,Upper,-3.9888591766,0.0840740204,0.1449509494,0.1145124849,-0.3854875151,-1.9371733459,-3.4888591766
2011-05-05 17:00:00,Upper,-3.9888591766,0.0235686302,0.0766992345,0.0501339323,-0.4498660677,-1.9693626222,-3.4888591766
2011-05-05 18:00:00,Upper,-3.9888591766,-0.0306031704,0.0219940233,-0.0043045736,-0.5043045736,-1.9965818751,-3.4888591766
2011-05-05 19:00:00,Upper,-3.9888591766,-0.0657668114,-0.0190295581,-0.0423981847,-0.5423981847,-2.0156286807,-3.4888591766
2011-05-05 20:00:00,Upper,-3.9888591766,-0.0626313686,-0.0316311642,-0.0471312664,-0.5471312664,-2.0179952215,-3.4888591766
2011-05-05 21:00:00,Upper,-3.9888591766,-0.0212483406,0.0042317389,-0.0085083008,-0.5085083008,-1.9986837387,-3.4888591766
2011-05-05 22:00:00,Upper,-3.9888591766,0.0439319611,0.0652808086,0.0546063848,-0.4453936152,-1.9671263959,-3.4888591766
2011-05-05 23:00:00,Upper,-3.9888591766,0.1177768707,0.1355941058,0.1266854882,-0.3733145118,-1.9310868442,-3.4888591766
2011-05-06 00:00:00,Upper,-3.9888591766,0.1658697128,0.1891771718,0.1775234423,-0.3224765577,-1.9056678672,-3.4888591766
2011-05-06 01:00:00,Upper,-3.9888591766,0.2153882980,0.2361554731,0.2257718856,-0.2742281144,-1.8815436455,-3.4888591766
2011-05-06 02:00:00,Upper,-3.9888591766,0.1982326508,0.2392147721,0.2187237114,-0.2812762886,-1.8850677326,-3.4888591766
2011-05-06 03:00:00,Upper,-3.9888591766,0.1548190117,0.2019845582,0.1784017849,-0.3215982151,-1.9052286958,-3.4888591766
2011-05-06 04:00:00,Upper,-3.9888591766,0.0696077347,0.1327312796,0.1011695072,-0.3988304928,-1.9438448347,-3.4888591766
2011-05-06 05:00:00,Upper,-3.9888591766,-0.0049698353,0.0584244636,0.0267273142,-0.4732726858,-1.9810659312,-3.4888591766
2011-05-06 06:00:00,Upper,-3.9888591766,-0.0996632576,-0.0280805944,-0.0638719260,-0.5638719260,-2.0263655513,-3.4888591766
2011-05-06 07:00:00,Upper,-3.9888591766,-0.1315021515,-0.0872697139,-0.1093859327,-0.6093859327,-2.0491225547,-3.4888591766
2011-05-06 08:00:00,Upper,-3.9888591766,-0.1541390419,-0.1110516934,-0.1325953677,-0.6325953677,-2.0607272721,-3.4888591766
2011-05-06 09:00:00,Upper,-3.9888591766,-0.1174669266,-0.0936709485,-0.1055689376,-0.6055689376,-2.0472140571,-3.4888591766
2011-05-06 10:00:00,Upper,-3.9888591766,-0.0354096889,-0.0209601069,-0.0281848979,-0.5281848979,-2.0085220373,-3.4888591766
2011-05-06 11:00:00,Upper,-3.9888591766,0.0521116257,0.0655684498,0.0588400377,-0.4411599623,-1.9650095695,-3.4888591766
2011-05-06 12:00:00,Upper,-3.9888591766,0.1368565559,0.1478384095,0.1423474827,-0.3576525173,-1.9232558470,-3.4888591766
2011-05-06 13:00:00,Upper,-3.9888591766,0.2139711380,0.2276304118,0.2208007749,-0.2791992251,-1.8840292009,-3.4888591766
2011-05-06 14:00:00,Upper,-3.9888591766,0.2274475098,0.2605599341,0.2440037219,-0.2559962781,-1.8724277274,-3.4888591766
2011-05-06 15:00:00,Upper,-3.9888591766,0.2200684547,0.2549892174,0.2375288361,-0.2624711639,-1.8756651703,-3.4888591766
2011-05-06 16:00:00,Upper,-3.9888591766,0.1590466499,0.2127019589,0.1858743044,-0.3141256956,-1.9014924361,-3.4888591766
2011-05-06 17:00:00,Upper,-3.9888591766,0.0867843628,0.1447978207,0.1157910918,-0.3842089082,-1.9365340424,-3.4888591766
2011-05-06 18:00:00,Upper,-3.9888591766,0.0223193169,0.0774582996,0.0498888082,-0.4501111918,-1.9694851842,-3.4888591766
2011-05-06 19:00:00,Upper,-3.9888591766,-0.0370454788,0.0200627966,-0.0084913411,-0.5084913411,-1.9986752589,-3.4888591766
2011-05-06 20:00:00,Upper,-3.9888591766,-0.0808789730,-0.0305362865,-0.0557076297,-0.5557076297,-2.0222834032,-3.4888591766
2011-05-06 21:00:00,Upper,-3.9888591766,-0.0634429455,-0.0387392823,-0.0510911139,-0.5510911139,-2.0199751453,-3.4888591766
2011-05-06 22:00:00,Upper,-3.9888591766,-0.0073409081,0.0148804120,0.0037697520,-0.4962302480,-1.9925447123,-3.4888591766
2011-05-06 23:00:00,Upper,-3.9888591766,0.0694274902,0.0890477168,0.0792376035,-0.4207623965,-1.9548107866,-3.4888591766
2011-05-07 00:00:00,Upper,-3.9888591766,0.1455969810,0.1614520640,0.1535245225,-0.3464754775,-1.9176673271,-3.4888591766
