time_aest,model,level,normal_velocity_inward_positive_ms,salinity_psu,temperature_degC,salt_advection_index_psu_ms,valid_segment_count
2011-05-01 01:00:00,SCHISM,Mid-depth,-0.0831136549,21.0287626429,19.9548149585,-1.6564458199,6
2011-05-01 02:00:00,SCHISM,Mid-depth,-0.0809085201,12.2765398668,19.9093124777,-0.9832120691,6
2011-05-01 03:00:00,SCHISM,Mid-depth,-0.0421579058,10.6431168667,19.8650639745,-0.4449889653,6
2011-05-01 04:00:00,SCHISM,Mid-depth,-0.0325346595,23.1371957645,19.9139131952,0.6734019346,6
2011-05-01 05:00:00,SCHISM,Mid-depth,-0.0165378907,29.8067508093,19.9420450374,0.2369172962,6
2011-05-01 06:00:00,SCHISM,Mid-depth,0.0096920782,30.9921782887,19.9455105957,0.9856316386,6
2011-05-01 07:00:00,SCHISM,Mid-depth,0.0152985974,32.1774513410,19.9515079265,0.9398398147,6
2011-05-01 08:00:00,SCHISM,Mid-depth,0.0176642286,33.0697109245,19.9557893290,0.8495255201,6
2011-05-01 09:00:00,SCHISM,Mid-depth,-0.0016436618,32.9127916688,19.9497880058,0.2282291935,6
2011-05-01 10:00:00,SCHISM,Mid-depth,-0.0360500149,31.9927049975,19.9415462627,-0.7646983214,6
2011-05-01 11:00:00,SCHISM,Mid-depth,-0.0571797610,30.6282032591,19.9205638262,-1.3756389591,6
2011-05-01 12:00:00,SCHISM,Mid-depth,-0.1007088890,29.1623712236,19.8929278088,-2.4930892725,6
2011-05-01 13:00:00,SCHISM,Mid-depth,-0.1123933892,28.1586732126,19.8719963298,-2.7130527098,6
2011-05-01 14:00:00,SCHISM,Mid-depth,-0.1065361517,27.7373706077,19.8642885834,-2.4272271137,6
2011-05-01 15:00:00,SCHISM,Mid-depth,-0.0996853398,27.7725543232,19.8632746817,-2.1163162106,6
2011-05-01 16:00:00,SCHISM,Mid-depth,-0.0675381516,28.2811104809,19.8684448083,-1.1859656924,6
2011-05-01 17:00:00,SCHISM,Mid-depth,-0.0441574186,29.3412797592,19.8766965389,-0.5785592448,6
2011-05-01 18:00:00,SCHISM,Mid-depth,0.0013165431,31.4071535032,19.9057554628,0.6677266854,6
2011-05-01 19:00:00,SCHISM,Mid-depth,0.0123415754,32.8040482240,19.9234688880,0.7410488499,6
2011-05-01 20:00:00,SCHISM,Mid-depth,0.0171338517,33.3979262755,19.9244249079,0.7849981297,6
2011-05-01 21:00:00,SCHISM,Mid-depth,0.0079939653,33.1842937380,19.9072611713,0.5119091637,6
2011-05-01 22:00:00,SCHISM,Mid-depth,-0.0256542076,32.3603176052,19.8751875757,-0.4789809939,6
2011-05-01 23:00:00,SCHISM,Mid-depth,-0.0700481505,30.6371412343,19.7943237928,-1.7896884999,6
2011-05-02 00:00:00,SCHISM,Mid-depth,-0.1001200984,29.2754274612,19.7264573339,-2.5016697244,6
2011-05-02 01:00:00,SCHISM,Mid-depth,-0.1226883465,27.9489071526,19.6569730080,-2.9882463405,6
2011-05-02 02:00:00,SCHISM,Mid-depth,-0.1177766964,27.2533126048,19.6249199843,-2.7322567829,6
2011-05-02 03:00:00,SCHISM,Mid-depth,-0.1111592186,27.3167971276,19.6311852969,-2.4275271759,6
2011-05-02 04:00:00,SCHISM,Mid-depth,-0.0918224903,27.6176801328,19.6424076066,-1.8133940394,6
2011-05-02 05:00:00,SCHISM,Mid-depth,-0.0573135239,28.3343131069,19.6666699857,-0.8469419190,6
2011-05-02 06:00:00,SCHISM,Mid-depth,-0.0211862084,30.1472135950,19.7406200798,0.0810782454,6
2011-05-02 07:00:00,SCHISM,Mid-depth,0.0090787862,31.9397792503,19.8218189240,0.8255340567,6
2011-05-02 08:00:00,SCHISM,Mid-depth,0.0242468644,33.1979055939,19.8783836507,1.0659781483,6
2011-05-02 09:00:00,SCHISM,Mid-depth,0.0202350769,33.6928313292,19.8986420198,0.8424043163,6
2011-05-02 10:00:00,SCHISM,Mid-depth,-0.0004137269,33.2856273376,19.8743163352,0.1979376341,6
2011-05-02 11:00:00,SCHISM,Mid-depth,-0.0347441849,32.2701815599,19.8277403394,-0.8030681203,6
2011-05-02 12:00:00,SCHISM,Mid-depth,-0.0677961388,30.6217434393,19.7357229480,-1.7208625621,6
2011-05-02 13:00:00,SCHISM,Mid-depth,-0.0997560400,29.3786404244,19.6616608877,-2.5151742803,6
2011-05-02 14:00:00,SCHISM,Mid-depth,-0.1122960600,28.3721650960,19.5970170902,-2.7504878956,6
2011-05-02 15:00:00,SCHISM,Mid-depth,-0.1068341784,27.9845334104,19.5698906355,-2.5022649437,6
2011-05-02 16:00:00,SCHISM,Mid-depth,-0.0879199518,28.2374563191,19.5816899991,-1.8728574917,6
2011-05-02 17:00:00,SCHISM,Mid-depth,-0.0775976996,28.3821590537,19.5763818917,-1.5284872091,6
2011-05-02 18:00:00,SCHISM,Mid-depth,-0.0306276736,29.7371952013,19.6425044911,-0.2515751341,6
2011-05-02 19:00:00,SCHISM,Mid-depth,0.0017135568,31.6152606527,19.7523215486,0.6164780397,6
2011-05-02 20:00:00,SCHISM,Mid-depth,0.0140877707,32.9771157201,19.8304179143,0.7574867083,6
2011-05-02 21:00:00,SCHISM,Mid-depth,0.0173963564,33.3224099552,19.8413933804,0.8057783723,6
2011-05-02 22:00:00,SCHISM,Mid-depth,-0.0046062823,32.8677932650,19.7999815424,0.1443847702,6
2011-05-02 23:00:00,SCHISM,Mid-depth,-0.0370881285,32.0535486056,19.7347941266,-0.8089457509,6
2011-05-03 00:00:00,SCHISM,Mid-depth,-0.0802156686,30.2067408361,19.5644994567,-2.0486749792,6
2011-05-03 01:00:00,SCHISM,Mid-depth,-0.1006718469,29.0669735774,19.4545856227,-2.4843187652,6
2011-05-03 02:00:00,SCHISM,Mid-depth,-0.1225905767,27.8599585578,19.3342081282,-2.9717767170,6
2011-05-03 03:00:00,SCHISM,Mid-depth,-0.1189156630,27.1157571633,19.2630625765,-2.7325410560,6
2011-05-03 04:00:00,SCHISM,Mid-depth,-0.1114762704,27.2107255964,19.2715931242,-2.4178567843,6
2011-05-03 05:00:00,SCHISM,Mid-depth,-0.1027458276,27.2625760241,19.2718830386,-2.0774760502,6
2011-05-03 06:00:00,SCHISM,Mid-depth,-0.0451328574,28.3912654087,19.3685138116,-0.4984599619,6
2011-05-03 07:00:00,SCHISM,Mid-depth,-0.0101308063,30.5219916452,19.5582598901,0.3797678554,6
2011-05-03 08:00:00,SCHISM,Mid-depth,0.0082129842,32.0394882509,19.7002295204,0.7679041925,6
2011-05-03 09:00:00,SCHISM,Mid-depth,0.0359323991,33.3960290901,19.8324193110,1.4273822324,6
2011-05-03 10:00:00,SCHISM,Mid-depth,0.0211776504,33.7966600720,19.8776850270,0.8591266424,6
2011-05-03 11:00:00,SCHISM,Mid-depth,0.0000133529,33.3578671240,19.8505606730,0.2018748393,6
2011-05-03 12:00:00,SCHISM,Mid-depth,-0.0448827264,32.1460676636,19.7563237307,-1.1498605675,6
2011-05-03 13:00:00,SCHISM,Mid-depth,-0.0763222648,30.4288445013,19.6021989863,-1.9720756005,6
2011-05-03 14:00:00,SCHISM,Mid-depth,-0.0992891295,29.2925474231,19.4812463884,-2.5005706659,6
2011-05-03 15:00:00,SCHISM,Mid-depth,-0.1119070025,28.3781507744,19.3745098395,-2.7572463803,6
2011-05-03 16:00:00,SCHISM,Mid-depth,-0.1063158176,27.9449278238,19.3114784215,-2.4903876626,6
2011-05-03 17:00:00,SCHISM,Mid-depth,-0.0988702435,27.9822460554,19.2922637040,-2.1723804668,6
2011-05-03 18:00:00,SCHISM,Mid-depth,-0.0541195091,28.7587181073,19.3494303708,-0.8970485187,6
2011-05-03 19:00:00,SCHISM,Mid-depth,-0.0316279470,30.0119479466,19.4583506603,-0.3152655375,6
2011-05-03 20:00:00,SCHISM,Mid-depth,0.0005723400,31.7279003320,19.6273916229,0.5660547505,6
2011-05-03 21:00:00,SCHISM,Mid-depth,0.0258989844,33.1934075491,19.7718222345,1.1175184459,6
2011-05-03 22:00:00,SCHISM,Mid-depth,0.0174290991,33.4295246581,19.7832010908,0.7898713158,6
2011-05-03 23:00:00,SCHISM,Mid-depth,-0.0035386427,32.9618557767,19.7220001985,0.1617892520,6
2011-05-04 00:00:00,SCHISM,Mid-depth,-0.0464486391,31.9487470132,19.5938240560,-1.1220579474,6
2011-05-04 01:00:00,SCHISM,Mid-depth,-0.0783460546,30.1802927342,19.3496177647,-1.9895509613,6
2011-05-04 02:00:00,SCHISM,Mid-depth,-0.1101273052,28.8209585198,19.1509749654,-2.7515429611,6
2011-05-04 03:00:00,SCHISM,Mid-depth,-0.1322078695,27.0407222593,18.8948985152,-3.1945290952,6
2011-05-04 04:00:00,SCHISM,Mid-depth,-0.1189013867,26.3923412961,18.8159455747,-2.6777742818,6
2011-05-04 05:00:00,SCHISM,Mid-depth,-0.1108851472,26.9754182067,18.8947851814,-2.3850976919,6
2011-05-04 06:00:00,SCHISM,Mid-depth,-0.0917683694,27.3730442778,18.9450569287,-1.7764872419,6
2011-05-04 07:00:00,SCHISM,Mid-depth,-0.0446443155,28.4581673692,19.0856277186,-0.4922829088,6
2011-05-04 08:00:00,SCHISM,Mid-depth,0.0010303727,30.8408516818,19.4105920850,0.7040150900,6
2011-05-04 09:00:00,SCHISM,Mid-depth,0.0292225870,32.4668164121,19.6381375103,1.3722872280,6
2011-05-04 10:00:00,SCHISM,Mid-depth,0.0388870744,33.6252230943,19.8013141767,1.4918965154,6
2011-05-04 11:00:00,SCHISM,Mid-depth,0.0224483779,33.7853308008,19.8198968531,0.9066086770,6
2011-05-04 12:00:00,SCHISM,Mid-depth,-0.0151214949,33.2047272845,19.7421621273,-0.2853261679,6
2011-05-04 13:00:00,SCHISM,Mid-depth,-0.0424425366,32.1039606408,19.5950859104,-1.0720114991,6
2011-05-04 14:00:00,SCHISM,Mid-depth,-0.0872308458,30.2234731163,19.3205015949,-2.3011874603,6
2011-05-04 15:00:00,SCHISM,Mid-depth,-0.1091727591,28.7663247963,19.0867397525,-2.7523950548,6
2011-05-04 16:00:00,SCHISM,Mid-depth,-0.1126155173,27.9592229398,18.9446904849,-2.7503488068,6
2011-05-04 17:00:00,SCHISM,Mid-depth,-0.1060488172,27.7409180297,18.8922379373,-2.4569737860,6
2011-05-04 18:00:00,SCHISM,Mid-depth,-0.0983205284,27.9032806680,18.8984500988,-2.1485515303,6
2011-05-04 19:00:00,SCHISM,Mid-depth,-0.0663526100,28.3614843723,18.9513280388,-1.2056247052,6
2011-05-04 20:00:00,SCHISM,Mid-depth,-0.0188886932,30.0854493229,19.1996501820,0.0667768552,6
2011-05-04 21:00:00,SCHISM,Mid-depth,0.0113445750,31.9037971237,19.4748935552,0.8765476413,6
2011-05-04 22:00:00,SCHISM,Mid-depth,0.0146760314,33.1234599803,19.6542808123,0.7462872560,6
2011-05-04 23:00:00,SCHISM,Mid-depth,0.0194346942,33.4875436742,19.6973591428,0.8439418654,6
2011-05-05 00:00:00,SCHISM,Mid-depth,-0.0138594187,32.9119270589,19.5861134033,-0.1912697568,6
2011-05-05 01:00:00,SCHISM,Mid-depth,-0.0447918008,31.8614448021,19.3950965518,-1.0790966736,6
2011-05-05 02:00:00,SCHISM,Mid-depth,-0.0879306243,29.9122555263,19.0126813653,-2.2582163711,6
2011-05-05 03:00:00,SCHISM,Mid-depth,-0.1086209436,28.6445805126,18.7480176955,-2.7027686831,6
2011-05-05 04:00:00,SCHISM,Mid-depth,-0.1311291697,26.7412977827,18.3625606708,-3.1500148729,6
2011-05-05 05:00:00,SCHISM,Mid-depth,-0.1194739731,26.1857345335,18.2670321512,-2.6722132527,6
2011-05-05 06:00:00,SCHISM,Mid-depth,-0.1108228899,26.7817278092,18.3823638169,-2.3591510077,6
2011-05-05 07:00:00,SCHISM,Mid-depth,-0.0691308352,27.7175202769,18.5661384857,-1.1739959641,6
2011-05-05 08:00:00,SCHISM,Mid-depth,-0.0327226018,29.1319024474,18.8395842408,-0.2171211663,6
2011-05-05 09:00:00,SCHISM,Mid-depth,-0.0003714587,31.1658301229,19.2411412257,0.6308079689,6
2011-05-05 10:00:00,SCHISM,Mid-depth,0.0301522297,32.6584333380,19.5369471081,1.3609837308,6
2011-05-05 11:00:00,SCHISM,Mid-depth,0.0392284495,33.7401596382,19.7544534243,1.4846882035,6
2011-05-05 12:00:00,SCHISM,Mid-depth,0.0222736876,33.8884670843,19.7899354089,0.8821110945,6
2011-05-05 13:00:00,SCHISM,Mid-depth,-0.0097217102,33.3296498799,19.6896293441,-0.1347785666,6
2011-05-05 14:00:00,SCHISM,Mid-depth,-0.0414876495,32.1303540963,19.4605543462,-1.0756860237,6
2011-05-05 15:00:00,SCHISM,Mid-depth,-0.0952811330,30.0850954949,19.0518288424,-2.5499073391,6
2011-05-05 16:00:00,SCHISM,Mid-depth,-0.1162240707,28.2483889754,18.6618709426,-2.9408542711,6
2011-05-05 17:00:00,SCHISM,Mid-depth,-0.1121823563,27.3812149013,18.4519404837,-2.7152458328,6
2011-05-05 18:00:00,SCHISM,Mid-depth,-0.1061552281,27.4967300685,18.4438868872,-2.4408155479,6
2011-05-05 19:00:00,SCHISM,Mid-depth,-0.0879242861,28.0509369310,18.5325428651,-1.8688621527,6
2011-05-05 20:00:00,SCHISM,Mid-depth,-0.0414807812,29.0374687958,18.7209031994,-0.5602445523,6
2011-05-05 21:00:00,SCHISM,Mid-depth,-0.0084974069,30.8424683855,19.0854993015,0.3209595507,6
2011-05-05 22:00:00,SCHISM,Mid-depth,0.0231433985,32.4886710186,19.4262901997,1.1516264347,6
2011-05-05 23:00:00,SCHISM,Mid-depth,0.0166883511,33.3567610622,19.5951189492,0.7701597019,6
2011-05-06 00:00:00,SCHISM,Mid-depth,0.0196411334,33.4148437542,19.5936925134,0.8633926292,6
2011-05-06 01:00:00,SCHISM,Mid-depth,-0.0139941847,32.8357496761,19.4594212752,-0.1786484451,6
2011-05-06 02:00:00,SCHISM,Mid-depth,-0.0554811158,31.5425793844,19.1432229537,-1.4140203538,6
2011-05-06 03:00:00,SCHISM,Mid-depth,-0.1066302581,29.3103941050,18.5710703733,-2.7631664467,6
2011-05-06 04:00:00,SCHISM,Mid-depth,-0.1191897611,27.6726186310,18.1334397790,-2.9230308754,6
2011-05-06 05:00:00,SCHISM,Mid-depth,-0.1395948257,25.0154802718,17.4531354457,-3.2040440990,6
2011-05-06 06:00:00,SCHISM,Mid-depth,-0.1275425759,24.2209911399,17.2555866703,-2.7127041523,6
2011-05-06 07:00:00,SCHISM,Mid-depth,-0.1010935904,26.4238639625,17.8188032702,-2.0034184726,6
2011-05-06 08:00:00,SCHISM,Mid-depth,-0.0687406683,27.4357232880,18.0799430123,-1.0913419548,6
2011-05-06 09:00:00,SCHISM,Mid-depth,-0.0102444645,29.7108099188,18.6534283602,0.4251118255,6
2011-05-06 10:00:00,SCHISM,Mid-depth,0.0294063636,31.9220939322,19.2202739172,1.4746023232,6
2011-05-06 11:00:00,SCHISM,Mid-depth,0.0330314491,32.9828317166,19.4961004817,1.3949653109,6
2011-05-06 12:00:00,SCHISM,Mid-depth,0.0516431550,33.9053246151,19.7327634242,1.8873199639,6
2011-05-06 13:00:00,SCHISM,Mid-depth,0.0206555324,33.7870118357,19.7056306654,0.8448628717,6
2011-05-06 14:00:00,SCHISM,Mid-depth,-0.0208770373,33.1189444642,19.5419463983,-0.4794097341,6
2011-05-06 15:00:00,SCHISM,Mid-depth,-0.0624424674,31.3967957131,19.0918896317,-1.7061682148,6
2011-05-06 16:00:00,SCHISM,Mid-depth,-0.1044522183,29.5508004391,18.5797056561,-2.7693896988,6
2011-05-06 17:00:00,SCHISM,Mid-depth,-0.1172741821,27.6654748811,18.0200338460,-2.8921486833,6
2011-05-06 18:00:00,SCHISM,Mid-depth,-0.1131915219,27.0276921413,17.7891603932,-2.6783206453,6
2011-05-06 19:00:00,SCHISM,Mid-depth,-0.1175290795,26.7245566519,17.6668669880,-2.6508567970,6
2011-05-06 20:00:00,SCHISM,Mid-depth,-0.0908017323,27.5021800841,17.8692117826,-1.8452806959,6
2011-05-06 21:00:00,SCHISM,Mid-depth,-0.0305414786,29.0551049405,18.2989557292,-0.2002016630,6
2011-05-06 22:00:00,SCHISM,Mid-depth,0.0122976275,31.2550443304,18.9116074305,0.9784994517,6
2011-05-06 23:00:00,SCHISM,Mid-depth,0.0230636326,32.7739264321,19.3315464044,1.0936030187,6
2011-05-07 00:00:00,SCHISM,Mid-depth,0.0371953033,33.4946307214,19.5245151488,1.4514542038,6
2011-05-01 01:00:00,SCHISM,Near-bottom,-0.0701302791,21.5222105043,19.9588742025,-1.4158907666,6
2011-05-01 02:00:00,SCHISM,Near-bottom,-0.0724928650,12.3166728403,19.9158584352,-0.8856698711,6
2011-05-01 03:00:00,SCHISM,Near-bottom,-0.0382172715,10.6212183689,19.8742380711,-0.4038521843,6
2011-05-01 04:00:00,SCHISM,Near-bottom,0.0084336940,23.5041949812,19.9202005688,1.5193459962,6
2011-05-01 05:00:00,SCHISM,Near-bottom,0.0091703223,30.6091162626,19.9505306008,0.9169272642,6
2011-05-01 06:00:00,SCHISM,Near-bottom,0.0329064235,31.7379186382,19.9543705286,1.6290975168,6
2011-05-01 07:00:00,SCHISM,Near-bottom,0.0348051724,32.7970352415,19.9603778136,1.5187847004,6
2011-05-01 08:00:00,SCHISM,Near-bottom,0.0335906560,33.5744905184,19.9647504704,1.3487783812,6
2011-05-01 09:00:00,SCHISM,Near-bottom,0.0158254713,33.4501775157,19.9599321175,0.7666214531,6
2011-05-01 10:00:00,SCHISM,Near-bottom,-0.0131470638,32.6217443981,19.9509292131,-0.0926107689,6
2011-05-01 11:00:00,SCHISM,Near-bottom,-0.0310905746,31.4038119012,19.9322513468,-0.6375852385,6
2011-05-01 12:00:00,SCHISM,Near-bottom,-0.0670185393,30.0113477117,19.9069838590,-1.5890468814,6
2011-05-01 13:00:00,SCHISM,Near-bottom,-0.0717752542,28.9873635587,19.8864465456,-1.6297869169,6
2011-05-01 14:00:00,SCHISM,Near-bottom,-0.0634754433,28.5653709881,19.8792624650,-1.2834168945,6
2011-05-01 15:00:00,SCHISM,Near-bottom,-0.0592944863,28.6296641755,19.8794536836,-1.0591719067,6
2011-05-01 16:00:00,SCHISM,Near-bottom,-0.0318640481,29.1144695564,19.8849501396,-0.2529564461,6
2011-05-01 17:00:00,SCHISM,Near-bottom,-0.0118643773,30.1034792777,19.8933526759,0.2920984321,6
2011-05-01 18:00:00,SCHISM,Near-bottom,0.0267004955,32.0132600243,19.9203558995,1.3920620716,6
2011-05-01 19:00:00,SCHISM,Near-bottom,0.0313450404,33.2940734696,19.9376901291,1.3267266468,6
2011-05-01 20:00:00,SCHISM,Near-bottom,0.0327218668,33.8251060799,19.9396633922,1.2842974648,6
2011-05-01 21:00:00,SCHISM,Near-bottom,0.0248761665,33.6565056499,19.9255197153,1.0441486746,6
2011-05-01 22:00:00,SCHISM,Near-bottom,-0.0035891804,32.9354398311,19.8961793528,0.1837503853,6
2011-05-01 23:00:00,SCHISM,Near-bottom,-0.0431653159,31.3969483593,19.8236891172,-1.0311093145,6
2011-05-02 00:00:00,SCHISM,Near-bottom,-0.0653439968,30.0923091024,19.7591403549,-1.5559158613,6
2011-05-02 01:00:00,SCHISM,Near-bottom,-0.0802570038,28.7530330519,19.6899536274,-1.8623258254,6
2011-05-02 02:00:00,SCHISM,Near-bottom,-0.0712052909,28.0180589143,19.6585133977,-1.5032702604,6
2011-05-02 03:00:00,SCHISM,Near-bottom,-0.0661821404,28.1339667107,19.6693028470,-1.2473699780,6
2011-05-02 04:00:00,SCHISM,Near-bottom,-0.0524437524,28.5023436261,19.6851156541,-0.7969903748,6
2011-05-02 05:00:00,SCHISM,Near-bottom,-0.0224295300,29.1684374983,19.7085829568,0.0602752364,6
2011-05-02 06:00:00,SCHISM,Near-bottom,0.0082090406,30.8422451719,19.7769490575,0.8867727005,6
2011-05-02 07:00:00,SCHISM,Near-bottom,0.0322764261,32.5268187885,19.8537693324,1.5058435332,6
2011-05-02 08:00:00,SCHISM,Near-bottom,0.0409161728,33.6358946251,19.9046538086,1.5941794276,6
2011-05-02 09:00:00,SCHISM,Near-bottom,0.0340617839,34.0708010642,19.9233970748,1.2938093153,6
2011-05-02 10:00:00,SCHISM,Near-bottom,0.0160614231,33.7420897584,19.9033005090,0.7205768736,6
2011-05-02 11:00:00,SCHISM,Near-bottom,-0.0122026938,32.8438365977,19.8601130850,-0.1232225113,6
2011-05-02 12:00:00,SCHISM,Near-bottom,-0.0409226344,31.3798598802,19.7788588268,-0.9615553334,6
2011-05-02 13:00:00,SCHISM,Near-bottom,-0.0655409004,30.1832322743,19.7083748852,-1.5803735073,6
2011-05-02 14:00:00,SCHISM,Near-bottom,-0.0717292027,29.1747280106,19.6440012532,-1.6575822777,6
2011-05-02 15:00:00,SCHISM,Near-bottom,-0.0641224282,28.7810165830,19.6174467728,-1.3544675705,6
2011-05-02 16:00:00,SCHISM,Near-bottom,-0.0495873655,29.0663519817,19.6324123475,-0.8519224106,6
2011-05-02 17:00:00,SCHISM,Near-bottom,-0.0420819937,29.1885507886,19.6275502907,-0.5933113390,6
2011-05-02 18:00:00,SCHISM,Near-bottom,0.0001658070,30.4677542840,19.6916455782,0.5962231588,6
2011-05-02 19:00:00,SCHISM,Near-bottom,0.0259277005,32.2020984009,19.7929870327,1.3161733163,6
2011-05-02 20:00:00,SCHISM,Near-bottom,0.0319373281,33.4422182467,19.8655508302,1.3143006943,6
2011-05-02 21:00:00,SCHISM,Near-bottom,0.0332470355,33.7618307007,19.8773951046,1.3111943279,6
2011-05-02 22:00:00,SCHISM,Near-bottom,0.0139921623,33.3788649770,19.8416377152,0.7167589363,6
2011-05-02 23:00:00,SCHISM,Near-bottom,-0.0133916031,32.6519038904,19.7817731183,-0.1075075134,6
2011-05-03 00:00:00,SCHISM,Near-bottom,-0.0519070663,30.9876494666,19.6285134788,-1.2649410348,6
2011-05-03 01:00:00,SCHISM,Near-bottom,-0.0648261077,29.8833141535,19.5233317349,-1.5118604014,6
2011-05-03 02:00:00,SCHISM,Near-bottom,-0.0798492714,28.6561246016,19.4022612181,-1.8382278116,6
2011-05-03 03:00:00,SCHISM,Near-bottom,-0.0719995325,27.8684277670,19.3299382513,-1.4983904167,6
2011-05-03 04:00:00,SCHISM,Near-bottom,-0.0665464792,28.0251607267,19.3463887937,-1.2432480671,6
2011-05-03 05:00:00,SCHISM,Near-bottom,-0.0617680204,28.1550702917,19.3553531354,-1.0287434667,6
2011-05-03 06:00:00,SCHISM,Near-bottom,-0.0111160395,29.2333560717,19.4490568899,0.3872751067,6
2011-05-03 07:00:00,SCHISM,Near-bottom,0.0175729692,31.2181068515,19.6257814112,1.1477500588,6
2011-05-03 08:00:00,SCHISM,Near-bottom,0.0307083610,32.6218327622,19.7574072968,1.4311371793,6
2011-05-03 09:00:00,SCHISM,Near-bottom,0.0511013501,33.8022647402,19.8734811791,1.9158918793,6
2011-05-03 10:00:00,SCHISM,Near-bottom,0.0341962659,34.1560037044,19.9140823434,1.2865369752,6
2011-05-03 11:00:00,SCHISM,Near-bottom,0.0159483733,33.8054198697,19.8932267023,0.7086149595,6
2011-05-03 12:00:00,SCHISM,Near-bottom,-0.0224434129,32.7310576620,19.8083549461,-0.4760845184,6
2011-05-03 13:00:00,SCHISM,Near-bottom,-0.0484281179,31.1826270906,19.6702547462,-1.1875990151,6
2011-05-03 14:00:00,SCHISM,Near-bottom,-0.0645290512,30.0848794332,19.5554612885,-1.5478376800,6
2011-05-03 15:00:00,SCHISM,Near-bottom,-0.0715364082,29.1609613682,19.4499216335,-1.6656945511,6
2011-05-03 16:00:00,SCHISM,Near-bottom,-0.0636495781,28.7233990474,19.3880015773,-1.3420098444,6
2011-05-03 17:00:00,SCHISM,Near-bottom,-0.0589393618,28.7995091753,19.3745042614,-1.1114627660,6
2011-05-03 18:00:00,SCHISM,Near-bottom,-0.0205583013,29.5500969813,19.4317704669,0.0001046592,6
2011-05-03 19:00:00,SCHISM,Near-bottom,-0.0019503467,30.7120701385,19.5340063763,0.5063519602,6
2011-05-03 20:00:00,SCHISM,Near-bottom,0.0244728201,32.2976128050,19.6899744766,1.2598555889,6
2011-05-03 21:00:00,SCHISM,Near-bottom,0.0422723034,33.6269173134,19.8225746771,1.6368038479,6
2011-05-03 22:00:00,SCHISM,Near-bottom,0.0325897865,33.8558061906,19.8358561589,1.2756694507,6
2011-05-03 23:00:00,SCHISM,Near-bottom,0.0144608891,33.4636443469,19.7832968586,0.7184346679,6
2011-05-04 00:00:00,SCHISM,Near-bottom,-0.0225632315,32.5550869337,19.6667956378,-0.4176386248,6
2011-05-04 01:00:00,SCHISM,Near-bottom,-0.0497932612,30.9565891850,19.4469124358,-1.1965559444,6
2011-05-04 02:00:00,SCHISM,Near-bottom,-0.0734714528,29.6270530581,19.2545039946,-1.7637131719,6
2011-05-04 03:00:00,SCHISM,Near-bottom,-0.0892870725,27.7563807915,18.9879352265,-2.0853700319,6
2011-05-04 04:00:00,SCHISM,Near-bottom,-0.0713403321,27.0743235025,18.9082759958,-1.4524775319,6
2011-05-04 05:00:00,SCHISM,Near-bottom,-0.0654402183,27.7841012214,19.0060512427,-1.2019016204,6
2011-05-04 06:00:00,SCHISM,Near-bottom,-0.0525496616,28.2781064466,19.0707506995,-0.7731114946,6
2011-05-04 07:00:00,SCHISM,Near-bottom,-0.0112848812,29.2961769798,19.2035306636,0.3765217770,6
2011-05-04 08:00:00,SCHISM,Near-bottom,0.0271693164,31.5136662361,19.5052026664,1.4360033148,6
2011-05-04 09:00:00,SCHISM,Near-bottom,0.0490404000,33.0070483188,19.7145206717,1.9752020218,6
2011-05-04 10:00:00,SCHISM,Near-bottom,0.0524204578,34.0003146150,19.8549055394,1.9339786842,6
2011-05-04 11:00:00,SCHISM,Near-bottom,0.0351930906,34.1536631919,19.8729886304,1.3236888172,6
2011-05-04 12:00:00,SCHISM,Near-bottom,0.0017431926,33.6755625759,19.8082240942,0.2417522477,6
2011-05-04 13:00:00,SCHISM,Near-bottom,-0.0199707990,32.6876266445,19.6754678812,-0.3960253572,6
2011-05-04 14:00:00,SCHISM,Near-bottom,-0.0588245661,30.9757362036,19.4265103591,-1.5096690600,6
2011-05-04 15:00:00,SCHISM,Near-bottom,-0.0723606448,29.5373514526,19.1985569980,-1.7546796572,6
2011-05-04 16:00:00,SCHISM,Near-bottom,-0.0709887858,28.7077777833,19.0557421424,-1.6332341248,6
2011-05-04 17:00:00,SCHISM,Near-bottom,-0.0628874935,28.5107154537,19.0089014677,-1.2996363841,6
2011-05-04 18:00:00,SCHISM,Near-bottom,-0.0584955351,28.7253084372,19.0253574040,-1.0928026197,6
2011-05-04 19:00:00,SCHISM,Near-bottom,-0.0317407950,29.1802951200,19.0804789332,-0.2936864281,6
2011-05-04 20:00:00,SCHISM,Near-bottom,0.0100876448,30.8048500047,19.3161272289,0.8724797909,6
2011-05-04 21:00:00,SCHISM,Near-bottom,0.0338879517,32.4770367134,19.5689014718,1.5387412497,6
2011-05-04 22:00:00,SCHISM,Near-bottom,0.0314757892,33.5688743747,19.7309556390,1.2748102667,6
2011-05-04 23:00:00,SCHISM,Near-bottom,0.0340739220,33.8995670000,19.7718506162,1.3158106609,6
2011-05-05 00:00:00,SCHISM,Near-bottom,0.0043513594,33.4136416494,19.6762145784,0.3702011211,6
2011-05-05 01:00:00,SCHISM,Near-bottom,-0.0211036678,32.4670864342,19.5017201839,-0.3787828620,6
2011-05-05 02:00:00,SCHISM,Near-bottom,-0.0589589981,30.6934237552,19.1541100726,-1.4634195964,6
2011-05-05 03:00:00,SCHISM,Near-bottom,-0.0718091318,29.4458221322,18.8960806233,-1.7117297268,6
2011-05-05 04:00:00,SCHISM,Near-bottom,-0.0891987567,27.4103674809,18.4877156471,-2.0745732993,6
2011-05-05 05:00:00,SCHISM,Near-bottom,-0.0722558097,26.8330106822,18.3922902495,-1.4624480108,6
2011-05-05 06:00:00,SCHISM,Near-bottom,-0.0655793476,27.5842542076,18.5398911641,-1.1879449334,6
2011-05-05 07:00:00,SCHISM,Near-bottom,-0.0331588296,28.6106794060,18.7426522932,-0.2495555242,6
2011-05-05 08:00:00,SCHISM,Near-bottom,-0.0017444217,29.9271538072,18.9971984851,0.6063318436,6
2011-05-05 09:00:00,SCHISM,Near-bottom,0.0249065167,31.8030025000,19.3660607209,1.3448218263,6
2011-05-05 10:00:00,SCHISM,Near-bottom,0.0489462105,33.1715612786,19.6378997774,1.9397665470,6
2011-05-05 11:00:00,SCHISM,Near-bottom,0.0520352124,34.0919725399,19.8235093167,1.9064387271,6
2011-05-05 12:00:00,SCHISM,Near-bottom,0.0344283018,34.2339165626,19.8570320215,1.2835111194,6
2011-05-05 13:00:00,SCHISM,Near-bottom,0.0063220715,33.7792096338,19.7748740626,0.3738502981,6
2011-05-05 14:00:00,SCHISM,Near-bottom,-0.0199880295,32.7155901702,19.5705996264,-0.4250426251,6
2011-05-05 15:00:00,SCHISM,Near-bottom,-0.0668932548,30.8319876045,19.1959941711,-1.7636743021,6
2011-05-05 16:00:00,SCHISM,Near-bottom,-0.0802135843,28.9747511086,18.8056936213,-1.9825940977,6
2011-05-05 17:00:00,SCHISM,Near-bottom,-0.0713416038,28.0618144961,18.5894294023,-1.6379341465,6
2011-05-05 18:00:00,SCHISM,Near-bottom,-0.0629924154,28.2426967762,18.5975308914,-1.2896688699,6
2011-05-05 19:00:00,SCHISM,Near-bottom,-0.0500007038,28.8781212839,18.7060336189,-0.8609974200,6
2011-05-05 20:00:00,SCHISM,Near-bottom,-0.0099533983,29.8160624092,18.8869738344,0.2879386203,6
2011-05-05 21:00:00,SCHISM,Near-bottom,0.0176298368,31.5001857915,19.2279150439,1.0636718024,6
2011-05-05 22:00:00,SCHISM,Near-bottom,0.0427141004,33.0042437138,19.5399268939,1.7472692538,6
2011-05-05 23:00:00,SCHISM,Near-bottom,0.0319363285,33.7780875260,19.6918830087,1.2569008827,6
2011-05-06 00:00:00,SCHISM,Near-bottom,0.0344953673,33.8466948622,19.6953399991,1.3397193655,6
2011-05-06 01:00:00,SCHISM,Near-bottom,0.0045223958,33.3535425092,19.5785195302,0.3890122720,6
2011-05-06 02:00:00,SCHISM,Near-bottom,-0.0312371153,32.1830393360,19.2906532694,-0.7054227469,6
2011-05-06 03:00:00,SCHISM,Near-bottom,-0.0752813281,30.0943697911,18.7558063625,-1.9186284931,6
2011-05-06 04:00:00,SCHISM,Near-bottom,-0.0804031127,28.4132785855,18.3110181690,-1.9071474300,6
2011-05-06 05:00:00,SCHISM,Near-bottom,-0.0988289100,25.5537732423,17.5845668101,-2.2223728800,6
2011-05-06 06:00:00,SCHISM,Near-bottom,-0.0815717846,24.7542157743,17.3899736770,-1.6220719124,6
2011-05-06 07:00:00,SCHISM,Near-bottom,-0.0559973689,27.2772854520,18.0363900135,-0.8526809455,6
2011-05-06 08:00:00,SCHISM,Near-bottom,-0.0327917284,28.3589644498,18.3159211911,-0.1839300073,6
2011-05-06 09:00:00,SCHISM,Near-bottom,0.0189247543,30.5099242250,18.8573394658,1.2194315436,6
2011-05-06 10:00:00,SCHISM,Near-bottom,0.0511653637,32.5315801241,19.3744116917,2.1185046437,6
2011-05-06 11:00:00,SCHISM,Near-bottom,0.0499260714,33.4658238384,19.6175757213,1.9255132470,6
2011-05-06 12:00:00,SCHISM,Near-bottom,0.0626044159,34.2329817663,19.8143853514,2.2541701350,6
2011-05-06 13:00:00,SCHISM,Near-bottom,0.0333525971,34.1677578603,19.7997384986,1.2603535363,6
2011-05-06 14:00:00,SCHISM,Near-bottom,-0.0036686035,33.6061270960,19.6608788913,0.0573075486,6
2011-05-06 15:00:00,SCHISM,Near-bottom,-0.0396956222,32.0826725457,19.2637481049,-1.0417020428,6
2011-05-06 16:00:00,SCHISM,Near-bottom,-0.0735001145,30.2983738089,18.7743527650,-1.9202519510,6
2011-05-06 17:00:00,SCHISM,Near-bottom,-0.0796521054,28.3778910589,18.2125504832,-1.9067159672,6
2011-05-06 18:00:00,SCHISM,Near-bottom,-0.0708069071,27.7255731124,17.9817675577,-1.5727278367,6
2011-05-06 19:00:00,SCHISM,Near-bottom,-0.0717635002,27.4576648025,17.8722976463,-1.4617178663,6
2011-05-06 20:00:00,SCHISM,Near-bottom,-0.0506160518,28.3666455879,18.1142978936,-0.7956398971,6
2011-05-06 21:00:00,SCHISM,Near-bottom,0.0005450560,29.8672903557,18.5308559568,0.6308452813,6
2011-05-06 22:00:00,SCHISM,Near-bottom,0.0362670857,31.9098650101,19.0989972986,1.6666991195,6
2011-05-06 23:00:00,SCHISM,Near-bottom,0.0411331127,33.2763251766,19.4778137501,1.6523017561,6
2011-05-07 00:00:00,SCHISM,Near-bottom,0.0510544846,33.9145031623,19.6500809554,1.9007865498,6
2011-05-01 01:00:00,SCHISM,Surface,-0.0869930792,20.8129812945,19.9525347316,-1.7393279646,6
2011-05-01 02:00:00,SCHISM,Surface,-0.0826172223,12.2365936499,19.9061252851,-1.0054006309,6
2011-05-01 03:00:00,SCHISM,Surface,-0.0424707528,10.6383016737,19.8606049226,-0.4488957696,6
2011-05-01 04:00:00,SCHISM,Surface,-0.0500230132,22.8327448890,19.9093834056,0.1973413401,6
2011-05-01 05:00:00,SCHISM,Surface,-0.0282458531,29.5002234812,19.9378375840,-0.1009799440,6
2011-05-01 06:00:00,SCHISM,Surface,0.0046003079,30.8350534232,19.9424896869,0.8872950529,6
2011-05-01 07:00:00,SCHISM,Surface,0.0117976506,32.0154134291,19.9483899618,0.8856871479,6
2011-05-01 08:00:00,SCHISM,Surface,0.0134639129,32.8954762444,19.9522136220,0.7565064066,6
2011-05-01 09:00:00,SCHISM,Surface,-0.0075256567,32.7277921085,19.9458314055,0.0827115678,6
2011-05-01 10:00:00,SCHISM,Surface,-0.0456341520,31.7796619096,19.9378630112,-1.0292576683,6
2011-05-01 11:00:00,SCHISM,Surface,-0.0687938925,30.3866909148,19.9165296996,-1.6809755453,6
2011-05-01 12:00:00,SCHISM,Surface,-0.1148422244,28.8974146708,19.8881517393,-2.8647857161,6
2011-05-01 13:00:00,SCHISM,Surface,-0.1315675353,27.8693997600,19.8666264935,-3.2186940082,6
2011-05-01 14:00:00,SCHISM,Surface,-0.1277630207,27.4516149080,19.8588819516,-2.9924032536,6
2011-05-01 15:00:00,SCHISM,Surface,-0.1179678213,27.5097609329,19.8580141058,-2.6112599279,6
2011-05-01 16:00:00,SCHISM,Surface,-0.0825851334,28.0451750418,19.8633082788,-1.5968531196,6
2011-05-01 17:00:00,SCHISM,Surface,-0.0568216597,29.1501542353,19.8717275915,-0.9271409605,6
2011-05-01 18:00:00,SCHISM,Surface,-0.0044289248,31.2781512556,19.9014853922,0.5406199843,6
2011-05-01 19:00:00,SCHISM,Surface,0.0085304628,32.6676797655,19.9185613806,0.6614450834,6
2011-05-01 20:00:00,SCHISM,Surface,0.0118278116,33.2465432218,19.9182414360,0.6451127225,6
2011-05-01 21:00:00,SCHISM,Surface,0.0014009222,33.0192320883,19.8999894779,0.3356569795,6
2011-05-01 22:00:00,SCHISM,Surface,-0.0351181438,32.1672962105,19.8668976678,-0.7433283449,6
2011-05-01 23:00:00,SCHISM,Surface,-0.0815539019,30.4066308081,19.7844366910,-2.0934398918,6
2011-05-02 00:00:00,SCHISM,Surface,-0.1147939970,29.0158839336,19.7148598363,-2.8918691728,6
2011-05-02 01:00:00,SCHISM,Surface,-0.1425506826,27.6617769560,19.6437412673,-3.5106886933,6
2011-05-02 02:00:00,SCHISM,Surface,-0.1415604628,26.9640279228,19.6109346902,-3.3559049976,6
2011-05-02 03:00:00,SCHISM,Surface,-0.1335042023,27.0364073119,19.6169279808,-3.0269373416,6
2011-05-02 04:00:00,SCHISM,Surface,-0.1097512483,27.3539543740,19.6284874418,-2.2962495380,6
2011-05-02 05:00:00,SCHISM,Surface,-0.0723948680,28.1073213275,19.6538931313,-1.2578189589,6
2011-05-02 06:00:00,SCHISM,Surface,-0.0321352848,29.9774269293,19.7301088067,-0.2130086806,6
2011-05-02 07:00:00,SCHISM,Surface,0.0048951597,31.8108915292,19.8136074358,0.7480319170,6
2011-05-02 08:00:00,SCHISM,Surface,0.0206426411,33.0598096837,19.8693501359,0.9870800124,6
2011-05-02 09:00:00,SCHISM,Surface,0.0151690475,33.5464538218,19.8885652190,0.7034799616,6
2011-05-02 10:00:00,SCHISM,Surface,-0.0073787141,33.1109126378,19.8626555120,0.0044904606,6
2011-05-02 11:00:00,SCHISM,Surface,-0.0452291523,32.0507070462,19.8146484981,-1.1043865898,6
2011-05-02 12:00:00,SCHISM,Surface,-0.0792104508,30.3928509913,19.7222609720,-2.0235157537,6
2011-05-02 13:00:00,SCHISM,Surface,-0.1140725150,29.1224584346,19.6462780979,-2.8988423286,6
2011-05-02 14:00:00,SCHISM,Surface,-0.1311732018,28.0899163217,19.5798699237,-3.2534204360,6
2011-05-02 15:00:00,SCHISM,Surface,-0.1276593275,27.7044252976,19.5524194178,-3.0610348657,6
2011-05-02 16:00:00,SCHISM,Surface,-0.1048716114,27.9846831777,19.5653703697,-2.3370645618,6
2011-05-02 17:00:00,SCHISM,Surface,-0.0917271677,28.1570185179,19.5609475885,-1.9192254506,6
2011-05-02 18:00:00,SCHISM,Surface,-0.0433540166,29.5471984352,19.6283397109,-0.6047330921,6
2011-05-02 19:00:00,SCHISM,Surface,-0.0040566657,31.4861291690,19.7418082414,0.4812833518,6
2011-05-02 20:00:00,SCHISM,Surface,0.0097349649,32.8419335600,19.8191411842,0.6540986064,6
2011-05-02 21:00:00,SCHISM,Surface,0.0120199082,33.1697978121,19.8279813534,0.6649588372,6
2011-05-02 22:00:00,SCHISM,Surface,-0.0113685742,32.7089326223,19.7859781716,-0.0340755633,6
2011-05-02 23:00:00,SCHISM,Surface,-0.0474514275,31.8461392309,19.7167056046,-1.1026500343,6
2011-05-03 00:00:00,SCHISM,Surface,-0.0917954008,29.9746673991,19.5441538804,-2.3527448582,6
2011-05-03 01:00:00,SCHISM,Surface,-0.1157714590,28.8045713021,19.4309146143,-2.8873418380,6
2011-05-03 02:00:00,SCHISM,Surface,-0.1425983617,27.5730020157,19.3078405371,-3.4997261207,6
2011-05-03 03:00:00,SCHISM,Surface,-0.1426194361,26.8305933619,19.2359834603,-3.3572728115,6
2011-05-03 04:00:00,SCHISM,Surface,-0.1338210389,26.9289841229,19.2441197516,-3.0173323563,6
2011-05-03 05:00:00,SCHISM,Surface,-0.1208792160,26.9888225513,19.2447318816,-2.5723719377,6
2011-05-03 06:00:00,SCHISM,Surface,-0.0607036826,28.1549541564,19.3442944654,-0.9207524774,6
2011-05-03 07:00:00,SCHISM,Surface,-0.0203242975,30.3544645789,19.5403090964,0.1121789484,6
2011-05-03 08:00:00,SCHISM,Surface,0.0044382080,31.9088797357,19.6864361790,0.7010912182,6
2011-05-03 09:00:00,SCHISM,Surface,0.0325615665,33.2605714035,19.8182886829,1.3522604423,6
2011-05-03 10:00:00,SCHISM,Surface,0.0168402792,33.6534924936,19.8629828153,0.7420629710,6
2011-05-03 11:00:00,SCHISM,Surface,-0.0064614445,33.1861364072,19.8340474569,0.0240105432,6
2011-05-03 12:00:00,SCHISM,Surface,-0.0550518739,31.9255518054,19.7365287023,-1.4396275265,6
2011-05-03 13:00:00,SCHISM,Surface,-0.0878733710,30.1974886722,19.5808460839,-2.2809740264,6
2011-05-03 14:00:00,SCHISM,Surface,-0.1138902849,29.0367458620,19.4568144152,-2.8945375165,6
2011-05-03 15:00:00,SCHISM,Surface,-0.1306235588,28.1011496397,19.3473550698,-3.2587642575,6
2011-05-03 16:00:00,SCHISM,Surface,-0.1269761213,27.6705474463,19.2838683287,-3.0479496635,6
2011-05-03 17:00:00,SCHISM,Surface,-0.1168332742,27.7258373362,19.2655581465,-2.6653035625,6
2011-05-03 18:00:00,SCHISM,Surface,-0.0684531305,28.5308620883,19.3246151909,-1.2935640826,6
2011-05-03 19:00:00,SCHISM,Surface,-0.0431717711,29.8341064816,19.4377535863,-0.6366794879,6
2011-05-03 20:00:00,SCHISM,Surface,-0.0040507468,31.6065998135,19.6125446064,0.4660951708,6
2011-05-03 21:00:00,SCHISM,Surface,0.0220805282,33.0590199535,19.7550995824,1.0291313504,6
2011-05-03 22:00:00,SCHISM,Surface,0.0128213239,33.2742928832,19.7631843868,0.6734023552,6
2011-05-03 23:00:00,SCHISM,Surface,-0.0099556831,32.7995940497,19.7012092528,-0.0057831292,6
2011-05-04 00:00:00,SCHISM,Surface,-0.0568885962,31.7330992815,19.5659612322,-1.4184255213,6
2011-05-04 01:00:00,SCHISM,Surface,-0.0900241603,29.9462050490,19.3188954061,-2.2979396433,6
2011-05-04 02:00:00,SCHISM,Surface,-0.1254520038,28.5589793402,19.1158101144,-3.1608920404,6
2011-05-04 03:00:00,SCHISM,Surface,-0.1526052257,26.7685401387,18.8581248369,-3.7195412434,6
2011-05-04 04:00:00,SCHISM,Surface,-0.1437002226,26.1211000995,18.7784159722,-3.3167572747,6
2011-05-04 05:00:00,SCHISM,Surface,-0.1341845335,26.6915390683,18.8547773536,-3.0060115454,6
2011-05-04 06:00:00,SCHISM,Surface,-0.1075645532,27.1025352231,18.9062739918,-2.2201166231,6
2011-05-04 07:00:00,SCHISM,Surface,-0.0585975882,28.2287348564,19.0519636231,-0.8796840983,6
2011-05-04 08:00:00,SCHISM,Surface,-0.0072708799,30.6840668066,19.3871137319,0.4976498840,6
2011-05-04 09:00:00,SCHISM,Surface,0.0260016959,32.3301335168,19.6181133393,1.3199820655,6
2011-05-04 10:00:00,SCHISM,Surface,0.0359825944,33.4895046325,19.7815219906,1.4272707466,6
2011-05-04 11:00:00,SCHISM,Surface,0.0192471963,33.6366717705,19.7980316572,0.8295067897,6
2011-05-04 12:00:00,SCHISM,Surface,-0.0211921883,33.0298319693,19.7172335257,-0.4477345898,6
2011-05-04 13:00:00,SCHISM,Surface,-0.0528655175,31.8812719797,19.5636970909,-1.3696992977,6
2011-05-04 14:00:00,SCHISM,Surface,-0.0988156821,29.9922290108,19.2870602294,-2.6105901107,6
2011-05-04 15:00:00,SCHISM,Surface,-0.1250812953,28.5091292022,19.0485291455,-3.1786110259,6
2011-05-04 16:00:00,SCHISM,Surface,-0.1326646789,27.6843551201,18.9029742821,-3.2813373458,6
2011-05-04 17:00:00,SCHISM,Surface,-0.1271386783,27.4699362007,18.8500897135,-3.0249495375,6
2011-05-04 18:00:00,SCHISM,Surface,-0.1166081927,27.6447533946,18.8572565358,-2.6486236992,6
2011-05-04 19:00:00,SCHISM,Surface,-0.0810112957,28.1266252121,18.9127468957,-1.6086955722,6
2011-05-04 20:00:00,SCHISM,Surface,-0.0312748725,29.8969945946,19.1673170556,-0.2755210867,6
2011-05-04 21:00:00,SCHISM,Surface,0.0065371127,31.7758338862,19.4520527338,0.7721106936,6
2011-05-04 22:00:00,SCHISM,Surface,0.0108365645,32.9883762472,19.6297567557,0.6568833886,6
2011-05-04 23:00:00,SCHISM,Surface,0.0144209080,33.3378606561,19.6692339189,0.7107485773,6
2011-05-05 00:00:00,SCHISM,Surface,-0.0205709034,32.7461478809,19.5548771377,-0.3731197997,6
2011-05-05 01:00:00,SCHISM,Surface,-0.0554008158,31.6408678988,19.3537584499,-1.3824705135,6
2011-05-05 02:00:00,SCHISM,Surface,-0.0995172491,29.6771410883,18.9682645119,-2.5650196307,6
2011-05-05 03:00:00,SCHISM,Surface,-0.1247069993,28.3769773219,18.6964219746,-3.1310615174,6
2011-05-05 04:00:00,SCHISM,Surface,-0.1513410653,26.4860247515,18.3126444442,-3.6692481299,6
2011-05-05 05:00:00,SCHISM,Surface,-0.1444552680,25.9251803950,18.2148594467,-3.3174001051,6
2011-05-05 06:00:00,SCHISM,Surface,-0.1320305710,26.4967617477,18.3245519339,-2.9412018312,6
2011-05-05 07:00:00,SCHISM,Surface,-0.0819190578,27.4543376881,18.5121703785,-1.5492079505,6
2011-05-05 08:00:00,SCHISM,Surface,-0.0453462789,28.9243984334,18.7965724166,-0.5693579297,6
2011-05-05 09:00:00,SCHISM,Surface,-0.0063868219,31.0296702156,19.2130956728,0.4972424461,6
2011-05-05 10:00:00,SCHISM,Surface,0.0272495030,32.5223409329,19.5096193881,1.3144169706,6
2011-05-05 11:00:00,SCHISM,Surface,0.0360737298,33.6090328156,19.7284487011,1.4082593911,6
2011-05-05 12:00:00,SCHISM,Surface,0.0181772658,33.7459705336,19.7620042449,0.7708969693,6
2011-05-05 13:00:00,SCHISM,Surface,-0.0164414419,33.1483875488,19.6548410996,-0.3227717948,6
2011-05-05 14:00:00,SCHISM,Surface,-0.0514934628,31.9073133685,19.4175164662,-1.3593983179,6
2011-05-05 15:00:00,SCHISM,Surface,-0.1065202141,29.8548498347,19.0058967359,-2.8506293034,6
2011-05-05 16:00:00,SCHISM,Surface,-0.1317949138,27.9999322219,18.6110370274,-3.3512998505,6
2011-05-05 17:00:00,SCHISM,Surface,-0.1320708517,27.1229672522,18.3976295801,-3.2327660490,6
2011-05-05 18:00:00,SCHISM,Surface,-0.1272389519,27.2336458042,18.3873491739,-3.0079771051,6
2011-05-05 19:00:00,SCHISM,Surface,-0.1052035169,27.7969449145,18.4771061164,-2.3426374328,6
2011-05-05 20:00:00,SCHISM,Surface,-0.0554882926,28.8161072911,18.6714839871,-0.9480564985,6
2011-05-05 21:00:00,SCHISM,Surface,-0.0180508700,30.6788884607,19.0477921211,0.0599040973,6
2011-05-05 22:00:00,SCHISM,Surface,0.0191283051,32.3596117345,19.3963411218,1.0683899472,6
2011-05-05 23:00:00,SCHISM,Surface,0.0126282828,33.2141209010,19.5612128037,0.6700825063,6
2011-05-06 00:00:00,SCHISM,Surface,0.0146260716,33.2556977795,19.5551770371,0.7339531700,6
2011-05-06 01:00:00,SCHISM,Surface,-0.0209149405,32.6670628880,19.4193585453,-0.3640063616,6
2011-05-06 02:00:00,SCHISM,Surface,-0.0661626816,31.3178603883,19.0884971551,-1.7132648919,6
2011-05-06 03:00:00,SCHISM,Surface,-0.1189007709,29.0691948274,18.5116697987,-3.0870615619,6
2011-05-06 04:00:00,SCHISM,Surface,-0.1365516470,27.4101624804,18.0678800664,-3.3740451104,6
2011-05-06 05:00:00,SCHISM,Surface,-0.1592324843,24.7965706416,17.3970599204,-3.6799592768,6
2011-05-06 06:00:00,SCHISM,Surface,-0.1527432294,23.9878218622,17.1945736749,-3.3160562991,6
2011-05-06 07:00:00,SCHISM,Surface,-0.1197809771,26.1314493648,17.7421921115,-2.5343451921,6
2011-05-06 08:00:00,SCHISM,Surface,-0.0784920790,27.1709492552,18.0104249670,-1.4137759833,6
2011-05-06 09:00:00,SCHISM,Surface,-0.0224830291,29.5053133675,18.5995070490,0.0879349206,6
2011-05-06 10:00:00,SCHISM,Surface,0.0250268808,31.7804706351,19.1838155536,1.3946803055,6
2011-05-06 11:00:00,SCHISM,Surface,0.0300922142,32.8350356839,19.4586720184,1.3439780532,6
2011-05-06 12:00:00,SCHISM,Surface,0.0481887773,33.7759269299,19.7002680163,1.7979289911,6
2011-05-06 13:00:00,SCHISM,Surface,0.0167741070,33.6250348308,19.6651943542,0.7472886253,6
2011-05-06 14:00:00,SCHISM,Surface,-0.0280095041,32.9235761233,19.4934133271,-0.6763200782,6
2011-05-06 15:00:00,SCHISM,Surface,-0.0721115927,31.1709134481,19.0333056565,-1.9652482230,6
2011-05-06 16:00:00,SCHISM,Surface,-0.1166749052,29.3130732199,18.5153869356,-3.0962619545,6
2011-05-06 17:00:00,SCHISM,Surface,-0.1337013613,27.4147787741,17.9500770430,-3.3192528008,6
2011-05-06 18:00:00,SCHISM,Surface,-0.1339885935,26.7587104511,17.7125529714,-3.2137786767,6
2011-05-06 19:00:00,SCHISM,Surface,-0.1405121118,26.4521245163,17.5882716812,-3.2554037541,6
2011-05-06 20:00:00,SCHISM,Surface,-0.1100246369,27.2310114042,17.7902790401,-2.3630362701,6
2011-05-06 21:00:00,SCHISM,Surface,-0.0451353588,28.8234025381,18.2306337907,-0.5975584275,6
2011-05-06 22:00:00,SCHISM,Surface,0.0049160557,31.0972752386,18.8643091424,0.7953704878,6
2011-05-06 23:00:00,SCHISM,Surface,0.0190460250,32.6311430538,19.2887160849,1.0082445582,6
2011-05-07 00:00:00,SCHISM,Surface,0.0331699169,33.3375880295,19.4766891306,1.3553104719,6
2011-05-01 01:00:00,TUFLOW,Mid-depth,-0.0868999781,24.1873940646,19.9915692938,-0.6740237613,6
2011-05-01 02:00:00,TUFLOW,Mid-depth,-0.0183428540,23.1776490779,19.9764445262,0.7748465955,6
2011-05-01 03:00:00,TUFLOW,Mid-depth,0.0523022283,27.1959855893,19.9654427840,2.5497095001,6
2011-05-01 04:00:00,TUFLOW,Mid-depth,0.0056763389,27.3932882620,19.9588178852,1.2117152619,6
2011-05-01 05:00:00,TUFLOW,Mid-depth,0.0974116199,29.5275221387,19.9597310820,3.8256109869,6
2011-05-01 06:00:00,TUFLOW,Mid-depth,0.0922157123,31.1122140580,19.9653686456,3.5556929849,6
2011-05-01 07:00:00,TUFLOW,Mid-depth,0.0867313693,31.5026527080,19.9597797673,3.3080433807,6
2011-05-01 08:00:00,TUFLOW,Mid-depth,0.0851021225,31.7215336378,19.9565963724,3.2012220607,6
2011-05-01 09:00:00,TUFLOW,Mid-depth,0.0557066137,31.7985650782,19.9558412780,2.2298744747,6
2011-05-01 10:00:00,TUFLOW,Mid-depth,0.0299597213,31.6938778092,19.9551382212,1.4042091960,6
2011-05-01 11:00:00,TUFLOW,Mid-depth,0.0157217306,31.5742003628,19.9546286295,0.9429603767,6
2011-05-01 12:00:00,TUFLOW,Mid-depth,-0.0351437055,31.1900515177,19.9520033099,-0.6445097682,6
2011-05-01 13:00:00,TUFLOW,Mid-depth,-0.0266511756,30.7273455096,19.9506128482,-0.3564114537,6
2011-05-01 14:00:00,TUFLOW,Mid-depth,-0.0174423211,30.5566728667,19.9514801478,-0.0721196698,6
2011-05-01 15:00:00,TUFLOW,Mid-depth,-0.0099555719,30.4687295129,19.9487692775,0.1565865024,6
2011-05-01 16:00:00,TUFLOW,Mid-depth,0.0276219536,30.7334418631,19.9444082535,1.3085610621,6
2011-05-01 17:00:00,TUFLOW,Mid-depth,0.0377441412,31.3355950535,19.9474472634,1.6145955628,6
2011-05-01 18:00:00,TUFLOW,Mid-depth,0.0928041180,32.1116810837,19.9479796823,3.3312266880,6
2011-05-01 19:00:00,TUFLOW,Mid-depth,0.0768961745,32.6182350160,19.9451758071,2.7786146237,6
2011-05-01 20:00:00,TUFLOW,Mid-depth,0.0798494207,32.8628353892,19.9413949805,2.8625691145,6
2011-05-01 21:00:00,TUFLOW,Mid-depth,0.0644680116,33.0537908774,19.9371822862,2.3445555458,6
2011-05-01 22:00:00,TUFLOW,Mid-depth,0.0256636036,32.9603621977,19.9270927466,1.0741768090,6
2011-05-01 23:00:00,TUFLOW,Mid-depth,-0.0109111475,32.6446761353,19.9075670013,-0.1009771473,6
2011-05-02 00:00:00,TUFLOW,Mid-depth,-0.0341676738,32.2578923639,19.8864040160,-0.8224343440,6
2011-05-02 01:00:00,TUFLOW,Mid-depth,-0.0486170532,31.8291372682,19.8650503216,-1.2433195461,6
2011-05-02 02:00:00,TUFLOW,Mid-depth,-0.0247451081,31.5242534807,19.8444906610,-0.4588490652,6
2011-05-02 03:00:00,TUFLOW,Mid-depth,-0.0200389807,31.4452564992,19.8294039991,-0.2965921900,6
2011-05-02 04:00:00,TUFLOW,Mid-depth,0.0046008886,31.4764264787,19.8137751086,0.4899941338,6
2011-05-02 05:00:00,TUFLOW,Mid-depth,0.0343386658,31.7998383556,19.8120254332,1.4348569505,6
2011-05-02 06:00:00,TUFLOW,Mid-depth,0.0634283751,32.4045590556,19.8321688277,2.3602558134,6
2011-05-02 07:00:00,TUFLOW,Mid-depth,0.0930982459,32.9643248182,19.8522065961,3.2993073137,6
2011-05-02 08:00:00,TUFLOW,Mid-depth,0.0912895401,33.4364331513,19.8755239112,3.2249702592,6
2011-05-02 09:00:00,TUFLOW,Mid-depth,0.0758427444,33.6657621256,19.8890188941,2.6978600263,6
2011-05-02 10:00:00,TUFLOW,Mid-depth,0.0536386041,33.6978004420,19.8914870093,1.9499376421,6
2011-05-02 11:00:00,TUFLOW,Mid-depth,0.0174330049,33.5340587842,19.8807093950,0.7457000625,6
2011-05-02 12:00:00,TUFLOW,Mid-depth,-0.0098718956,33.2482968692,19.8659130230,-0.1450565250,6
2011-05-02 13:00:00,TUFLOW,Mid-depth,-0.0389996484,32.8576740208,19.8502937732,-1.0752534673,6
2011-05-02 14:00:00,TUFLOW,Mid-depth,-0.0386933508,32.4231099399,19.8311356661,-1.0233459301,6
2011-05-02 15:00:00,TUFLOW,Mid-depth,-0.0230594498,32.1489655514,19.8104797585,-0.4934091732,6
2011-05-02 16:00:00,TUFLOW,Mid-depth,-0.0017571566,32.0867392017,19.7878173070,0.2033766664,6
2011-05-02 17:00:00,TUFLOW,Mid-depth,0.0004887140,32.0820062605,19.7637292193,0.2811424526,6
2011-05-02 18:00:00,TUFLOW,Mid-depth,0.0566508553,32.4239963950,19.7601965854,2.0908421141,6
2011-05-02 19:00:00,TUFLOW,Mid-depth,0.0735864810,33.0057941932,19.7912965501,2.6286317095,6
2011-05-02 20:00:00,TUFLOW,Mid-depth,0.0770782796,33.3072914062,19.8022608922,2.7306216669,6
2011-05-02 21:00:00,TUFLOW,Mid-depth,0.0737851220,33.5520934012,19.8158825561,2.6134838899,6
2011-05-02 22:00:00,TUFLOW,Mid-depth,0.0430952809,33.5901649626,19.8126845502,1.5832705600,6
2011-05-02 23:00:00,TUFLOW,Mid-depth,0.0126512819,33.4344774925,19.7868233217,0.5745767358,6
2011-05-03 00:00:00,TUFLOW,Mid-depth,-0.0320164831,33.0981736910,19.7359954389,-0.8880031800,6
2011-05-03 01:00:00,TUFLOW,Mid-depth,-0.0355708412,32.6990968600,19.6746459447,-0.9688545506,6
2011-05-03 02:00:00,TUFLOW,Mid-depth,-0.0601668768,32.3077180344,19.6195658739,-1.7382506818,6
2011-05-03 03:00:00,TUFLOW,Mid-depth,-0.0309179612,31.9798418934,19.5627049891,-0.7722983597,6
2011-05-03 04:00:00,TUFLOW,Mid-depth,-0.0272518727,31.8843229111,19.5299129167,-0.6347825097,6
2011-05-03 05:00:00,TUFLOW,Mid-depth,-0.0150367645,31.7975184579,19.4882617817,-0.2294912810,6
2011-05-03 06:00:00,TUFLOW,Mid-depth,0.0520588287,32.2261628899,19.5186717778,1.9360628887,6
2011-05-03 07:00:00,TUFLOW,Mid-depth,0.0617748679,32.8596148334,19.6077516744,2.2530733831,6
2011-05-03 08:00:00,TUFLOW,Mid-depth,0.0849262913,33.2826417630,19.6738937009,2.9980818567,6
2011-05-03 09:00:00,TUFLOW,Mid-depth,0.1023314078,33.8069040016,19.7652807905,3.5734702420,6
2011-05-03 10:00:00,TUFLOW,Mid-depth,0.0599718547,33.9787510510,19.8104397976,2.1355706604,6
2011-05-03 11:00:00,TUFLOW,Mid-depth,0.0521929877,33.9551955381,19.8303653626,1.8746500850,6
2011-05-03 12:00:00,TUFLOW,Mid-depth,-0.0070021094,33.7452862305,19.8314861453,-0.1108072805,6
2011-05-03 13:00:00,TUFLOW,Mid-depth,-0.0223863116,33.4037470947,19.8138136106,-0.6037270779,6
2011-05-03 14:00:00,TUFLOW,Mid-depth,-0.0438303467,32.9863680628,19.7729300046,-1.2792461649,6
2011-05-03 15:00:00,TUFLOW,Mid-depth,-0.0484016522,32.5770354288,19.7318251664,-1.3993161218,6
2011-05-03 16:00:00,TUFLOW,Mid-depth,-0.0304043446,32.2840791982,19.6742313159,-0.7921654658,6
2011-05-03 17:00:00,TUFLOW,Mid-depth,-0.0248003225,32.1322430723,19.6191247755,-0.5960758573,6
2011-05-03 18:00:00,TUFLOW,Mid-depth,0.0320412198,32.3322203532,19.5881676548,1.2479969689,6
2011-05-03 19:00:00,TUFLOW,Mid-depth,0.0301904067,32.6359175565,19.6003010957,1.1906663840,6
2011-05-03 20:00:00,TUFLOW,Mid-depth,0.0762408065,33.0934101385,19.6518409250,2.6974183376,6
2011-05-03 21:00:00,TUFLOW,Mid-depth,0.0847281066,33.5618611940,19.7091005148,2.9761848339,6
2011-05-03 22:00:00,TUFLOW,Mid-depth,0.0629636557,33.7545356503,19.7395748732,2.2396029225,6
2011-05-03 23:00:00,TUFLOW,Mid-depth,0.0454940061,33.8152928002,19.7483631628,1.6500826527,6
2011-05-04 00:00:00,TUFLOW,Mid-depth,-0.0074373859,33.6246020789,19.7113651812,-0.1203221411,6
2011-05-04 01:00:00,TUFLOW,Mid-depth,-0.0246901619,33.3178943818,19.6436018247,-0.6777592184,6
2011-05-04 02:00:00,TUFLOW,Mid-depth,-0.0571971877,32.9118620117,19.5587464865,-1.7220144330,6
2011-05-04 03:00:00,TUFLOW,Mid-depth,-0.0672546656,32.4408737500,19.4594540544,-2.0149368982,6
2011-05-04 04:00:00,TUFLOW,Mid-depth,-0.0320402312,32.1386991524,19.3822149797,-0.8495955880,6
2011-05-04 05:00:00,TUFLOW,Mid-depth,-0.0330017957,32.0394203510,19.3441906274,-0.8585384605,6
2011-05-04 06:00:00,TUFLOW,Mid-depth,-0.0034132482,32.0207002436,19.3174883251,0.1057187704,6
2011-05-04 07:00:00,TUFLOW,Mid-depth,0.0389238145,32.4100913954,19.3792525949,1.4839351762,6
2011-05-04 08:00:00,TUFLOW,Mid-depth,0.0745145279,33.0095704791,19.5095126023,2.6487283846,6
2011-05-04 09:00:00,TUFLOW,Mid-depth,0.1014779147,33.6215666702,19.6492171327,3.5378573004,6
2011-05-04 10:00:00,TUFLOW,Mid-depth,0.0829929003,34.0026725866,19.7473064206,2.9069895991,6
2011-05-04 11:00:00,TUFLOW,Mid-depth,0.0561962714,33.9643850528,19.7489769607,1.9950652396,6
2011-05-04 12:00:00,TUFLOW,Mid-depth,0.0109855038,33.7258386850,19.6989779553,0.4708855125,6
2011-05-04 13:00:00,TUFLOW,Mid-depth,-0.0191047279,33.4022254074,19.6551311461,-0.5216146932,6
2011-05-04 14:00:00,TUFLOW,Mid-depth,-0.0573264020,32.9166701303,19.5624206811,-1.7386314844,6
2011-05-04 15:00:00,TUFLOW,Mid-depth,-0.0571729232,32.4857713156,19.4912093015,-1.7003347911,6
2011-05-04 16:00:00,TUFLOW,Mid-depth,-0.0457023292,32.2695034502,19.4511974040,-1.3038837175,6
2011-05-04 17:00:00,TUFLOW,Mid-depth,-0.0283240033,32.2429279152,19.4235374649,-0.7235062245,6
2011-05-04 18:00:00,TUFLOW,Mid-depth,-0.0168230943,32.3001733393,19.4015422319,-0.3354965173,6
2011-05-04 19:00:00,TUFLOW,Mid-depth,0.0203526560,32.5175333859,19.4146145163,0.8805893556,6
2011-05-04 20:00:00,TUFLOW,Mid-depth,0.0595671416,32.9993879208,19.5000796465,2.1688644198,6
2011-05-04 21:00:00,TUFLOW,Mid-depth,0.0816195064,33.4957826193,19.6048718938,2.8852894960,6
2011-05-04 22:00:00,TUFLOW,Mid-depth,0.0678686745,33.7658419927,19.6613389836,2.4137043631,6
2011-05-04 23:00:00,TUFLOW,Mid-depth,0.0721406293,33.9160189536,19.6924237597,2.5503290078,6
2011-05-05 00:00:00,TUFLOW,Mid-depth,0.0237257840,33.9168171044,19.6893288744,0.9108876149,6
2011-05-05 01:00:00,TUFLOW,Mid-depth,0.0020626917,33.7196874589,19.6280121253,0.1882200987,6
2011-05-05 02:00:00,TUFLOW,Mid-depth,-0.0440083202,33.3685228027,19.5177098701,-1.3313836980,6
2011-05-05 03:00:00,TUFLOW,Mid-depth,-0.0482861161,32.9354668372,19.3892516582,-1.4404546929,6
2011-05-05 04:00:00,TUFLOW,Mid-depth,-0.0732362205,32.4959003390,19.2608160589,-2.2220503091,6
2011-05-05 05:00:00,TUFLOW,Mid-depth,-0.0316541968,32.1637262810,19.1483594109,-0.8503704865,6
2011-05-05 06:00:00,TUFLOW,Mid-depth,-0.0338387698,32.0829990825,19.1091361882,-0.8966349520,6
2011-05-05 07:00:00,TUFLOW,Mid-depth,0.0238885386,32.2701647467,19.1458824146,0.9757118773,6
2011-05-05 08:00:00,TUFLOW,Mid-depth,0.0376400243,32.6771400493,19.2575016273,1.4371168080,6
2011-05-05 09:00:00,TUFLOW,Mid-depth,0.0710847075,33.1537456447,19.4112556603,2.5321339882,6
2011-05-05 10:00:00,TUFLOW,Mid-depth,0.1016147756,33.7436344240,19.5950385347,3.5457042481,6
2011-05-05 11:00:00,TUFLOW,Mid-depth,0.0815896179,34.0938153029,19.7182604759,2.8618315531,6
2011-05-05 12:00:00,TUFLOW,Mid-depth,0.0627412721,34.1855369412,19.7704623817,2.2169472342,6
2011-05-05 13:00:00,TUFLOW,Mid-depth,0.0260379354,34.1305118641,19.7893224364,0.9715442865,6
2011-05-05 14:00:00,TUFLOW,Mid-depth,-0.0017477145,33.9225011484,19.7592769367,0.0412165716,6
2011-05-05 15:00:00,TUFLOW,Mid-depth,-0.0608129235,33.5347005537,19.6708459791,-1.9195556251,6
2011-05-05 16:00:00,TUFLOW,Mid-depth,-0.0562995863,33.0038403828,19.5384651375,-1.7218782560,6
2011-05-05 17:00:00,TUFLOW,Mid-depth,-0.0428162664,32.6672132077,19.4358365537,-1.2485237748,6
2011-05-05 18:00:00,TUFLOW,Mid-depth,-0.0339825189,32.4744188870,19.3504638383,-0.9381471595,6
2011-05-05 19:00:00,TUFLOW,Mid-depth,-0.0049087351,32.4406397265,19.3025678193,0.0263517330,6
2011-05-05 20:00:00,TUFLOW,Mid-depth,0.0378881065,32.7338511570,19.3509926619,1.4334343021,6
2011-05-05 21:00:00,TUFLOW,Mid-depth,0.0599563755,33.1871656024,19.4632081040,2.1633543263,6
2011-05-05 22:00:00,TUFLOW,Mid-depth,0.0933825609,33.6455237690,19.5805312591,3.2690766525,6
2011-05-05 23:00:00,TUFLOW,Mid-depth,0.0591506075,33.9070890929,19.6513780496,2.1086158812,6
2011-05-06 00:00:00,TUFLOW,Mid-depth,0.0761976872,34.0009632403,19.6714912908,2.6824849324,6
2011-05-06 01:00:00,TUFLOW,Mid-depth,0.0221910562,34.0492193463,19.6831380702,0.8475433102,6
2011-05-06 02:00:00,TUFLOW,Mid-depth,-0.0095659807,33.8240770471,19.6022380349,-0.2163359044,6
2011-05-06 03:00:00,TUFLOW,Mid-depth,-0.0631600639,33.4078223822,19.4497814932,-1.9800499078,6
2011-05-06 04:00:00,TUFLOW,Mid-depth,-0.0484628619,32.9263690829,19.2865030161,-1.4520041553,6
2011-05-06 05:00:00,TUFLOW,Mid-depth,-0.0821810681,32.5182594516,19.1504734934,-2.5185930254,6
2011-05-06 06:00:00,TUFLOW,Mid-depth,-0.0362651931,32.1348944348,19.0077317743,-0.9986808828,6
2011-05-06 07:00:00,TUFLOW,Mid-depth,-0.0102677043,32.2182298897,19.0221438482,-0.1339143738,6
2011-05-06 08:00:00,TUFLOW,Mid-depth,0.0153977184,32.4336914768,19.0936937241,0.7096288259,6
2011-05-06 09:00:00,TUFLOW,Mid-depth,0.0764169878,32.9921809749,19.2844831535,2.7148137987,6
2011-05-06 10:00:00,TUFLOW,Mid-depth,0.1013929910,33.6691730411,19.5262574185,3.5407432398,6
2011-05-06 11:00:00,TUFLOW,Mid-depth,0.0865106976,34.0724873400,19.6800179157,3.0297823532,6
2011-05-06 12:00:00,TUFLOW,Mid-depth,0.1040651474,34.3678744767,19.7915519461,3.6245709851,6
2011-05-06 13:00:00,TUFLOW,Mid-depth,0.0496311134,34.4915457109,19.8605407167,1.7503326189,6
2011-05-06 14:00:00,TUFLOW,Mid-depth,0.0193441206,34.3190352815,19.8361517261,0.7243701865,6
2011-05-06 15:00:00,TUFLOW,Mid-depth,-0.0259244764,34.0479516955,19.7745332975,-0.7962848827,6
2011-05-06 16:00:00,TUFLOW,Mid-depth,-0.0620986244,33.5642106475,19.6321403928,-1.9760197861,6
2011-05-06 17:00:00,TUFLOW,Mid-depth,-0.0544877226,33.0317444200,19.4679604507,-1.6729553955,6
2011-05-06 18:00:00,TUFLOW,Mid-depth,-0.0441941092,32.7078305809,19.3489580690,-1.3064446577,6
2011-05-06 19:00:00,TUFLOW,Mid-depth,-0.0468274402,32.4257354694,19.2325642687,-1.3630932161,6
2011-05-06 20:00:00,TUFLOW,Mid-depth,0.0021262670,32.3738859727,19.1812502484,0.2467791873,6
2011-05-06 21:00:00,TUFLOW,Mid-depth,0.0517959916,32.8577217860,19.3028016368,1.8882016132,6
2011-05-06 22:00:00,TUFLOW,Mid-depth,0.0857307726,33.4570176132,19.4816504136,3.0155560432,6
2011-05-06 23:00:00,TUFLOW,Mid-depth,0.0844531719,33.8610806263,19.6026075404,2.9696754188,6
2011-05-07 00:00:00,TUFLOW,Mid-depth,0.0980507164,34.1905188138,19.7042456992,3.4255475124,6
2011-05-01 01:00:00,TUFLOW,Near-bottom,-0.0016054031,29.0199370248,19.9963725011,1.4017477008,4
2011-05-01 02:00:00,TUFLOW,Near-bottom,0.0623990596,28.7105791551,19.9820239676,3.1385593683,4
2011-05-01 03:00:00,TUFLOW,Near-bottom,0.0473648775,29.3731630557,19.9734679989,2.4200630007,4
2011-05-01 04:00:00,TUFLOW,Near-bottom,0.0188108755,29.6131958950,19.9709294350,1.5676750697,4
2011-05-01 05:00:00,TUFLOW,Near-bottom,0.0608661693,30.3515905124,19.9704953968,2.5810334413,4
2011-05-01 06:00:00,TUFLOW,Near-bottom,0.0576318363,32.0984854431,19.9825733023,2.2357259906,4
2011-05-01 07:00:00,TUFLOW,Near-bottom,0.0556853888,32.7682982293,19.9827504889,2.0818523238,4
2011-05-01 08:00:00,TUFLOW,Near-bottom,0.0557601717,33.1561941974,19.9835195599,2.0370881919,4
2011-05-01 09:00:00,TUFLOW,Near-bottom,0.0343366785,33.3908316631,19.9855735075,1.3058162012,4
2011-05-01 10:00:00,TUFLOW,Near-bottom,0.0173423497,33.4068886115,19.9865168334,0.7400533094,4
2011-05-01 11:00:00,TUFLOW,Near-bottom,0.0114808306,33.3231931922,19.9867394025,0.5568530098,4
2011-05-01 12:00:00,TUFLOW,Near-bottom,-0.0186789229,32.9621487214,19.9846295798,-0.3873553978,4
2011-05-01 13:00:00,TUFLOW,Near-bottom,-0.0015282979,32.4191952237,19.9830558926,0.2662659911,4
2011-05-01 14:00:00,TUFLOW,Near-bottom,0.0028105002,32.1500741481,19.9824508751,0.4435082373,4
2011-05-01 15:00:00,TUFLOW,Near-bottom,0.0063622449,31.9636425745,19.9766355798,0.5768947378,4
2011-05-01 16:00:00,TUFLOW,Near-bottom,0.0286332648,31.9710832468,19.9715646555,1.2685338049,4
2011-05-01 17:00:00,TUFLOW,Near-bottom,0.0272325472,32.3976705481,19.9788161517,1.1656009539,4
2011-05-01 18:00:00,TUFLOW,Near-bottom,0.0634901867,33.0716945802,19.9820528786,2.2594295714,4
2011-05-01 19:00:00,TUFLOW,Near-bottom,0.0484036599,33.7114992907,19.9853418553,1.7208193856,4
2011-05-01 20:00:00,TUFLOW,Near-bottom,0.0520432310,34.0461615278,19.9873980344,1.8328543722,4
2011-05-01 21:00:00,TUFLOW,Near-bottom,0.0398838984,34.2758774940,19.9889589752,1.4117115130,4
2011-05-01 22:00:00,TUFLOW,Near-bottom,0.0126047583,34.2169396386,19.9842118701,0.4878955721,4
2011-05-01 23:00:00,TUFLOW,Near-bottom,-0.0069698045,34.0047234299,19.9720347538,-0.1531313013,4
2011-05-02 00:00:00,TUFLOW,Near-bottom,-0.0150029296,33.6548810726,19.9526441433,-0.3759364115,4
2011-05-02 01:00:00,TUFLOW,Near-bottom,-0.0187517126,33.1960577192,19.9294058195,-0.4282435826,4
2011-05-02 02:00:00,TUFLOW,Near-bottom,0.0007140471,32.8327513295,19.9081569748,0.2689588952,4
2011-05-02 03:00:00,TUFLOW,Near-bottom,-0.0018440398,32.6598068447,19.8944362117,0.2059486744,4
2011-05-02 04:00:00,TUFLOW,Near-bottom,0.0134014011,32.5478303635,19.8788607651,0.7110624223,4
2011-05-02 05:00:00,TUFLOW,Near-bottom,0.0288684669,32.6709509596,19.8758199482,1.1877984528,4
2011-05-02 06:00:00,TUFLOW,Near-bottom,0.0423194469,33.1419838110,19.8969008733,1.5701076577,4
2011-05-02 07:00:00,TUFLOW,Near-bottom,0.0624378697,33.7810160255,19.9293732276,2.1895754431,4
2011-05-02 08:00:00,TUFLOW,Near-bottom,0.0583635967,34.3578838633,19.9637443605,2.0402515035,4
2011-05-02 09:00:00,TUFLOW,Near-bottom,0.0469992068,34.6278026750,19.9830927645,1.6465226197,4
2011-05-02 10:00:00,TUFLOW,Near-bottom,0.0307150308,34.6573479141,19.9904801606,1.0837699694,4
2011-05-02 11:00:00,TUFLOW,Near-bottom,0.0067400502,34.5083614737,19.9864320255,0.2663875579,4
2011-05-02 12:00:00,TUFLOW,Near-bottom,-0.0057056121,34.2950067332,19.9788674488,-0.1394152546,4
2011-05-02 13:00:00,TUFLOW,Near-bottom,-0.0202235198,33.9822032893,19.9636734458,-0.5964624806,4
2011-05-02 14:00:00,TUFLOW,Near-bottom,-0.0123425055,33.5599256320,19.9354028677,-0.2702981544,4
2011-05-02 15:00:00,TUFLOW,Near-bottom,-0.0014922823,33.2652671188,19.9042585217,0.1299221195,4
2011-05-02 16:00:00,TUFLOW,Near-bottom,0.0087689488,33.1192216935,19.8800892494,0.4809752097,4
2011-05-02 17:00:00,TUFLOW,Near-bottom,0.0078268366,33.0582151177,19.8609714582,0.4550016982,4
2011-05-02 18:00:00,TUFLOW,Near-bottom,0.0435297433,33.1774588291,19.8510080466,1.6005656045,4
2011-05-02 19:00:00,TUFLOW,Near-bottom,0.0489966597,33.7243099975,19.8921426227,1.7379884796,4
2011-05-02 20:00:00,TUFLOW,Near-bottom,0.0496073049,34.1106232273,19.9214373550,1.7422332050,4
2011-05-02 21:00:00,TUFLOW,Near-bottom,0.0457961802,34.4235044224,19.9481257116,1.6053791086,4
2011-05-02 22:00:00,TUFLOW,Near-bottom,0.0230492797,34.4921430766,19.9509671378,0.8235355536,4
2011-05-02 23:00:00,TUFLOW,Near-bottom,0.0044290679,34.3860732909,19.9333657425,0.1934489181,4
2011-05-03 00:00:00,TUFLOW,Near-bottom,-0.0201939701,34.1552297993,19.8956285239,-0.6237696583,4
2011-05-03 01:00:00,TUFLOW,Near-bottom,-0.0129151233,33.7835402391,19.8334958633,-0.3267316003,4
2011-05-03 02:00:00,TUFLOW,Near-bottom,-0.0261136071,33.4367875925,19.7793327443,-0.7199754661,4
2011-05-03 03:00:00,TUFLOW,Near-bottom,-0.0007270792,33.1253101673,19.7274100691,0.1680817603,4
2011-05-03 04:00:00,TUFLOW,Near-bottom,-0.0065777857,32.9792938358,19.6972149763,-0.0099924240,4
2011-05-03 05:00:00,TUFLOW,Near-bottom,0.0010914187,32.8446977881,19.6584391751,0.2604365537,4
2011-05-03 06:00:00,TUFLOW,Near-bottom,0.0432276799,32.8763211608,19.6417441999,1.6160928923,4
2011-05-03 07:00:00,TUFLOW,Near-bottom,0.0393228790,33.3994242617,19.7283351633,1.4390901248,4
2011-05-03 08:00:00,TUFLOW,Near-bottom,0.0565622085,33.9169114514,19.8231268444,1.9839136703,4
2011-05-03 09:00:00,TUFLOW,Near-bottom,0.0661100621,34.5941193871,19.9478035677,2.3045766435,4
2011-05-03 10:00:00,TUFLOW,Near-bottom,0.0334657304,34.7724405565,19.9994449601,1.1741877996,4
2011-05-03 11:00:00,TUFLOW,Near-bottom,0.0302761579,34.7348777546,20.0264701181,1.0655780958,4
2011-05-03 12:00:00,TUFLOW,Near-bottom,-0.0096311367,34.5571338904,20.0396591181,-0.3023359403,4
2011-05-03 13:00:00,TUFLOW,Near-bottom,-0.0092187009,34.2916191828,20.0286907743,-0.2593450306,4
2011-05-03 14:00:00,TUFLOW,Near-bottom,-0.0197484621,33.9494929994,19.9818927437,-0.5766464354,4
2011-05-03 15:00:00,TUFLOW,Near-bottom,-0.0162939204,33.5883259586,19.9127990174,-0.4119705959,4
2011-05-03 16:00:00,TUFLOW,Near-bottom,-0.0041209222,33.3225889847,19.8240912864,0.0262082939,4
2011-05-03 17:00:00,TUFLOW,Near-bottom,-0.0048095467,33.1661953060,19.7653376726,0.0177821430,4
2011-05-03 18:00:00,TUFLOW,Near-bottom,0.0300922640,33.1133268086,19.7129299734,1.1620048122,4
2011-05-03 19:00:00,TUFLOW,Near-bottom,0.0214005176,33.2962933627,19.7264136003,0.8559303960,4
2011-05-03 20:00:00,TUFLOW,Near-bottom,0.0538524480,33.6684468668,19.7814641006,1.9021779522,4
2011-05-03 21:00:00,TUFLOW,Near-bottom,0.0531719009,34.2140914126,19.8681341936,1.8592428295,4
2011-05-03 22:00:00,TUFLOW,Near-bottom,0.0369771896,34.4725614467,19.9121571041,1.3017247461,4
2011-05-03 23:00:00,TUFLOW,Near-bottom,0.0245941927,34.5578637238,19.9248903367,0.8745204298,4
2011-05-04 00:00:00,TUFLOW,Near-bottom,-0.0091310682,34.4406751574,19.8992478111,-0.2753804051,4
2011-05-04 01:00:00,TUFLOW,Near-bottom,-0.0110597684,34.2049587574,19.8443780124,-0.3141127939,4
2011-05-04 02:00:00,TUFLOW,Near-bottom,-0.0283755058,33.8665989190,19.7629029575,-0.8593234494,4
2011-05-04 03:00:00,TUFLOW,Near-bottom,-0.0265325745,33.4918589831,19.6780424204,-0.7422085023,4
2011-05-04 04:00:00,TUFLOW,Near-bottom,-0.0007701412,33.2328491236,19.6166938602,0.1497872112,4
2011-05-04 05:00:00,TUFLOW,Near-bottom,-0.0111793227,33.1070778511,19.5833603700,-0.1832848596,4
2011-05-04 06:00:00,TUFLOW,Near-bottom,0.0079822716,32.9921807159,19.5439252077,0.4609824517,4
2011-05-04 07:00:00,TUFLOW,Near-bottom,0.0324550043,33.0237493933,19.5366429707,1.2510109491,4
2011-05-04 08:00:00,TUFLOW,Near-bottom,0.0502442470,33.4412318258,19.6394165549,1.7908733258,4
2011-05-04 09:00:00,TUFLOW,Near-bottom,0.0654507675,34.2195834996,19.8332519998,2.2762831756,4
2011-05-04 10:00:00,TUFLOW,Near-bottom,0.0506637030,34.7185967278,19.9640690983,1.7702744371,4
2011-05-04 11:00:00,TUFLOW,Near-bottom,0.0292285566,34.6894621992,19.9852873283,1.0281717619,4
2011-05-04 12:00:00,TUFLOW,Near-bottom,-0.0035410307,34.4794393051,19.9462180362,-0.0925418872,4
2011-05-04 13:00:00,TUFLOW,Near-bottom,-0.0160110204,34.3116161165,19.9300940617,-0.5057234014,4
2011-05-04 14:00:00,TUFLOW,Near-bottom,-0.0376836088,33.9161143983,19.8406922512,-1.1966435182,4
2011-05-04 15:00:00,TUFLOW,Near-bottom,-0.0236683503,33.5554061984,19.7472318814,-0.6665513998,4
2011-05-04 16:00:00,TUFLOW,Near-bottom,-0.0129210982,33.4115472537,19.6979348009,-0.2782166719,4
2011-05-04 17:00:00,TUFLOW,Near-bottom,-0.0048942405,33.3391394349,19.6601820817,0.0028158622,4
2011-05-04 18:00:00,TUFLOW,Near-bottom,-0.0015827563,33.2821735285,19.6217985906,0.1235039497,4
2011-05-04 19:00:00,TUFLOW,Near-bottom,0.0208622414,33.2782491599,19.5996334832,0.8636023887,4
2011-05-04 20:00:00,TUFLOW,Near-bottom,0.0402959152,33.4883998018,19.6381863212,1.4755285330,4
2011-05-04 21:00:00,TUFLOW,Near-bottom,0.0532636988,33.9943178604,19.7601920333,1.8745632425,4
2011-05-04 22:00:00,TUFLOW,Near-bottom,0.0399446569,34.3486804716,19.8451048899,1.4094617096,4
2011-05-04 23:00:00,TUFLOW,Near-bottom,0.0439438838,34.5473315462,19.8916759339,1.5415150428,4
2011-05-05 00:00:00,TUFLOW,Near-bottom,0.0067572081,34.5820348070,19.8968841408,0.2588700586,4
2011-05-05 01:00:00,TUFLOW,Near-bottom,-0.0001539534,34.4560748501,19.8586731088,0.0331299549,4
2011-05-05 02:00:00,TUFLOW,Near-bottom,-0.0267020112,34.2028936288,19.7769546222,-0.8487955836,4
2011-05-05 03:00:00,TUFLOW,Near-bottom,-0.0184697613,33.8274041041,19.6552764141,-0.5174174349,4
2011-05-05 04:00:00,TUFLOW,Near-bottom,-0.0327479455,33.5173554538,19.5639994066,-0.9551404679,4
2011-05-05 05:00:00,TUFLOW,Near-bottom,0.0007826630,33.2453568714,19.4784250399,0.1973946195,4
2011-05-05 06:00:00,TUFLOW,Near-bottom,-0.0128884878,33.1213157046,19.4351312255,-0.2445747441,4
2011-05-05 07:00:00,TUFLOW,Near-bottom,0.0252161971,33.0553212626,19.4038362159,1.0119150827,4
2011-05-05 08:00:00,TUFLOW,Near-bottom,0.0263156516,33.1805524186,19.4417992077,1.0313972242,4
2011-05-05 09:00:00,TUFLOW,Near-bottom,0.0476764507,33.5921118345,19.5876958227,1.7019513070,4
2011-05-05 10:00:00,TUFLOW,Near-bottom,0.0646270042,34.3200702544,19.8231583950,2.2497219431,4
2011-05-05 11:00:00,TUFLOW,Near-bottom,0.0501335596,34.7479027663,19.9696036040,1.7526130947,4
2011-05-05 12:00:00,TUFLOW,Near-bottom,0.0356100310,34.8322086694,20.0267286653,1.2476736500,4
2011-05-05 13:00:00,TUFLOW,Near-bottom,0.0101807932,34.7704161572,20.0511250690,0.3668913172,4
2011-05-05 14:00:00,TUFLOW,Near-bottom,-0.0019999140,34.5993147165,20.0270905976,-0.0413590760,4
2011-05-05 15:00:00,TUFLOW,Near-bottom,-0.0371508264,34.3126387208,19.9513600100,-1.2202303973,4
2011-05-05 16:00:00,TUFLOW,Near-bottom,-0.0202514196,33.8718803969,19.7991961445,-0.5818657992,4
2011-05-05 17:00:00,TUFLOW,Near-bottom,-0.0092834509,33.6189354321,19.6832418138,-0.1787680015,4
2011-05-05 18:00:00,TUFLOW,Near-bottom,-0.0079453598,33.4539311013,19.6059775493,-0.1170103225,4
2011-05-05 19:00:00,TUFLOW,Near-bottom,0.0069077882,33.3285082326,19.5446750763,0.3897640441,4
2011-05-05 20:00:00,TUFLOW,Near-bottom,0.0319030592,33.3538777241,19.5349529830,1.2087154255,4
2011-05-05 21:00:00,TUFLOW,Near-bottom,0.0389590738,33.6528709257,19.6166864948,1.4114398551,4
2011-05-05 22:00:00,TUFLOW,Near-bottom,0.0608895622,34.1653270954,19.7626533041,2.1243231025,4
2011-05-05 23:00:00,TUFLOW,Near-bottom,0.0318546399,34.5032183873,19.8596993127,1.1251121813,4
2011-05-06 00:00:00,TUFLOW,Near-bottom,0.0476974461,34.6314102954,19.8945934697,1.6692340943,4
2011-05-06 01:00:00,TUFLOW,Near-bottom,0.0049525070,34.6859466430,19.9088564937,0.1895948240,4
2011-05-06 02:00:00,TUFLOW,Near-bottom,-0.0067283189,34.5300525640,19.8565924454,-0.1990844698,4
2011-05-06 03:00:00,TUFLOW,Near-bottom,-0.0375643511,34.2135831322,19.7388551473,-1.2200676908,4
2011-05-06 04:00:00,TUFLOW,Near-bottom,-0.0128408078,33.8126406068,19.5927868236,-0.3207237185,4
2011-05-06 05:00:00,TUFLOW,Near-bottom,-0.0377409774,33.5436431112,19.5073553103,-1.1226357267,4
2011-05-06 06:00:00,TUFLOW,Near-bottom,0.0000890843,33.2331682740,19.3993062648,0.1806422508,4
2011-05-06 07:00:00,TUFLOW,Near-bottom,0.0021908155,33.1278123754,19.3575556714,0.2558397185,4
2011-05-06 08:00:00,TUFLOW,Near-bottom,0.0170400171,33.1469610424,19.3688018733,0.7444833953,4
2011-05-06 09:00:00,TUFLOW,Near-bottom,0.0524405990,33.3455529744,19.4436807539,1.8721331582,4
2011-05-06 10:00:00,TUFLOW,Near-bottom,0.0652717938,34.1757641145,19.7473391818,2.2715413787,4
2011-05-06 11:00:00,TUFLOW,Near-bottom,0.0539167326,34.7104960600,19.9459916385,1.8834563446,4
2011-05-06 12:00:00,TUFLOW,Near-bottom,0.0709478886,34.9207790819,20.0206829529,2.4800931957,4
2011-05-06 13:00:00,TUFLOW,Near-bottom,0.0277262401,34.9397027318,20.0531339235,0.9709387092,4
2011-05-06 14:00:00,TUFLOW,Near-bottom,0.0078923765,34.8660972911,20.0813988591,0.2821012768,4
2011-05-06 15:00:00,TUFLOW,Near-bottom,-0.0197970389,34.6796776962,20.0426944307,-0.6650292284,4
2011-05-06 16:00:00,TUFLOW,Near-bottom,-0.0336119734,34.3141437593,19.9173643937,-1.0989998224,4
2011-05-06 17:00:00,TUFLOW,Near-bottom,-0.0169350312,33.8927547765,19.7428589352,-0.4717225702,4
2011-05-06 18:00:00,TUFLOW,Near-bottom,-0.0097054021,33.6580008998,19.6294198647,-0.2003525221,4
2011-05-06 19:00:00,TUFLOW,Near-bottom,-0.0153518530,33.4474493367,19.5429944815,-0.3662621212,4
2011-05-06 20:00:00,TUFLOW,Near-bottom,0.0141317551,33.2856518195,19.4686499477,0.6297749155,4
2011-05-06 21:00:00,TUFLOW,Near-bottom,0.0400211065,33.3762075003,19.4828815976,1.4692406008,4
2011-05-06 22:00:00,TUFLOW,Near-bottom,0.0577965120,33.8916842072,19.6464042306,2.0261359313,4
2011-05-06 23:00:00,TUFLOW,Near-bottom,0.0522147445,34.3996865070,19.8087327721,1.8261358032,4
2011-05-07 00:00:00,TUFLOW,Near-bottom,0.0630190648,34.7868411755,19.9317706783,2.2004919670,4
2011-05-01 01:00:00,TUFLOW,Surface,-0.4597266836,10.6957533341,19.9192556578,-4.9122408676,6
2011-05-01 02:00:00,TUFLOW,Surface,-0.4400045846,10.6488653187,19.8978325051,-4.6685729216,6
2011-05-01 03:00:00,TUFLOW,Surface,-0.3266920252,11.1818158061,19.8449700191,-3.6582115858,6
2011-05-01 04:00:00,TUFLOW,Surface,-0.3425347303,11.4899979520,19.7933717649,-3.9443442197,6
2011-05-01 05:00:00,TUFLOW,Surface,-0.2399826161,12.2171832625,19.7642076216,-2.9416010874,6
2011-05-01 06:00:00,TUFLOW,Surface,-0.1997802948,13.1252077825,19.7069695963,-2.6343443993,6
2011-05-01 07:00:00,TUFLOW,Surface,-0.1751009573,13.6188238074,19.6482226678,-2.3923614953,6
2011-05-01 08:00:00,TUFLOW,Surface,-0.1575782156,13.9859810297,19.6120944688,-2.2101325826,6
2011-05-01 09:00:00,TUFLOW,Surface,-0.1720430987,14.3457408667,19.6009478774,-2.4722188450,6
2011-05-01 10:00:00,TUFLOW,Surface,-0.1983424458,14.7809550241,19.6098551551,-2.9362913528,6
2011-05-01 11:00:00,TUFLOW,Surface,-0.2182411944,15.3750273176,19.6293726213,-3.3622197433,6
2011-05-01 12:00:00,TUFLOW,Surface,-0.2741547071,15.8600777825,19.6444572066,-4.3561863654,6
2011-05-01 13:00:00,TUFLOW,Surface,-0.2776726976,16.1477522437,19.6432006748,-4.4953152680,6
2011-05-01 14:00:00,TUFLOW,Surface,-0.2687697648,16.4408846282,19.6398533931,-4.4304612282,6
2011-05-01 15:00:00,TUFLOW,Surface,-0.2569632393,16.6003118980,19.6332325495,-4.2776065661,6
2011-05-01 16:00:00,TUFLOW,Surface,-0.2089053445,16.8276684253,19.6170243091,-3.5277550566,6
2011-05-01 17:00:00,TUFLOW,Surface,-0.1896467424,17.1649918649,19.5840403342,-3.2648131158,6
2011-05-01 18:00:00,TUFLOW,Surface,-0.1209207103,17.6218242484,19.5362604740,-2.1378270860,6
2011-05-01 19:00:00,TUFLOW,Surface,-0.1147723696,18.1208145476,19.4723894510,-2.0854802585,6
2011-05-01 20:00:00,TUFLOW,Surface,-0.1004755159,18.6045615192,19.3924548333,-1.8749723736,6
2011-05-01 21:00:00,TUFLOW,Surface,-0.1118192476,18.9506494819,19.2864349439,-2.1237844732,6
2011-05-01 22:00:00,TUFLOW,Surface,-0.1478468898,19.2992882972,19.2027169568,-2.8539997704,6
2011-05-01 23:00:00,TUFLOW,Surface,-0.1984047527,19.5823711318,19.1372530066,-3.8867030917,6
2011-05-02 00:00:00,TUFLOW,Surface,-0.2399987184,20.0059527604,19.1234301596,-4.8054809572,6
2011-05-02 01:00:00,TUFLOW,Surface,-0.2753634038,20.1119346937,19.1080625460,-5.5441640417,6
2011-05-02 02:00:00,TUFLOW,Surface,-0.2674968438,20.0310980305,19.0704029807,-5.3656439050,6
2011-05-02 03:00:00,TUFLOW,Surface,-0.2623055191,19.9897848919,19.0092020937,-5.2514578326,6
2011-05-02 04:00:00,TUFLOW,Surface,-0.2323860060,19.9339021476,18.9343870050,-4.6412610234,6
2011-05-02 05:00:00,TUFLOW,Surface,-0.1911412578,20.0632496259,18.8677502766,-3.8437454716,6
2011-05-02 06:00:00,TUFLOW,Surface,-0.1532540635,20.3603855558,18.8047486972,-3.1263394525,6
2011-05-02 07:00:00,TUFLOW,Surface,-0.1063767033,20.8659572780,18.7418797671,-2.2235449307,6
2011-05-02 08:00:00,TUFLOW,Surface,-0.0992422123,21.4815555881,18.6909733229,-2.1354989798,6
2011-05-02 09:00:00,TUFLOW,Surface,-0.1078229107,21.9645765307,18.6526535804,-2.3714403636,6
2011-05-02 10:00:00,TUFLOW,Surface,-0.1230812218,22.2555930833,18.6329907210,-2.7409253095,6
2011-05-02 11:00:00,TUFLOW,Surface,-0.1542014012,22.4314624642,18.6513760066,-3.4581617916,6
2011-05-02 12:00:00,TUFLOW,Surface,-0.1879454112,22.5469189377,18.7130250489,-4.2378918110,6
2011-05-02 13:00:00,TUFLOW,Surface,-0.2278251287,22.6537399976,18.8123040643,-5.1636385661,6
2011-05-02 14:00:00,TUFLOW,Surface,-0.2419735913,22.4577684684,18.8501190520,-5.4382610332,6
2011-05-02 15:00:00,TUFLOW,Surface,-0.2349877691,22.2039739412,18.7857858022,-5.2223150145,6
2011-05-02 16:00:00,TUFLOW,Surface,-0.2116628644,22.0346034077,18.6711889876,-4.6691663302,6
2011-05-02 17:00:00,TUFLOW,Surface,-0.2003624972,21.9309080459,18.5506380592,-4.3995228453,6
2011-05-02 18:00:00,TUFLOW,Surface,-0.1344955321,22.0003078309,18.4358905657,-2.9646951527,6
2011-05-02 19:00:00,TUFLOW,Surface,-0.1025192568,22.2970650781,18.3491046905,-2.2889043331,6
2011-05-02 20:00:00,TUFLOW,Surface,-0.0824690535,22.6539570513,18.2719255545,-1.8701747647,6
2011-05-02 21:00:00,TUFLOW,Surface,-0.0782407707,22.9857480943,18.1971252918,-1.8006315005,6
2011-05-02 22:00:00,TUFLOW,Surface,-0.1018023595,23.1295178265,18.1160997949,-2.3561867710,6
2011-05-02 23:00:00,TUFLOW,Surface,-0.1294851952,23.3128711545,18.0709728250,-3.0178250344,6
2011-05-03 00:00:00,TUFLOW,Surface,-0.1839968735,23.5118435011,18.0693478707,-4.3264563644,6
2011-05-03 01:00:00,TUFLOW,Surface,-0.2082111870,23.7023531279,18.0918258315,-4.9371728139,6
2011-05-03 02:00:00,TUFLOW,Surface,-0.2514009338,23.5619929455,18.0668820306,-5.9261754537,6
2011-05-03 03:00:00,TUFLOW,Surface,-0.2390473965,23.2085443581,17.9606500888,-5.5516308544,6
2011-05-03 04:00:00,TUFLOW,Surface,-0.2363680327,22.9634443879,17.8077296774,-5.4325141853,6
2011-05-03 05:00:00,TUFLOW,Surface,-0.2233000683,22.7287498550,17.6450910526,-5.0810178835,6
2011-05-03 06:00:00,TUFLOW,Surface,-0.1492860757,22.7974865838,17.5618880181,-3.4102191810,6
2011-05-03 07:00:00,TUFLOW,Surface,-0.1265750296,23.0412330907,17.5207075135,-2.9207286720,6
2011-05-03 08:00:00,TUFLOW,Surface,-0.0835036031,23.4523349376,17.5252435333,-1.9604955895,6
2011-05-03 09:00:00,TUFLOW,Surface,-0.0573908443,24.0851709342,17.5986459236,-1.3845981367,6
2011-05-03 10:00:00,TUFLOW,Surface,-0.0925040006,24.4032269025,17.6677862765,-2.2586152462,6
2011-05-03 11:00:00,TUFLOW,Surface,-0.0901061871,24.6923454591,17.7967329648,-2.2262876907,6
2011-05-03 12:00:00,TUFLOW,Surface,-0.1505225741,24.7609979532,17.9200482011,-3.7268583619,6
2011-05-03 13:00:00,TUFLOW,Surface,-0.1717544351,25.0094376910,18.0856399743,-4.2960628537,6
2011-05-03 14:00:00,TUFLOW,Surface,-0.2061790187,25.0489587415,18.1793375266,-5.1663672475,6
2011-05-03 15:00:00,TUFLOW,Surface,-0.2213813403,24.7619196179,18.1494901611,-5.4844039956,6
2011-05-03 16:00:00,TUFLOW,Surface,-0.2095636457,24.3751312531,18.0400687133,-5.1116878909,6
2011-05-03 17:00:00,TUFLOW,Surface,-0.2023211135,24.0910677421,17.9164588259,-4.8782614891,6
2011-05-03 18:00:00,TUFLOW,Surface,-0.1403413126,23.9999932718,17.8021489696,-3.3736926924,6
2011-05-03 19:00:00,TUFLOW,Surface,-0.1297603924,24.0441693454,17.7099213361,-3.1239227041,6
2011-05-03 20:00:00,TUFLOW,Surface,-0.0730577335,24.2848564340,17.6572229200,-1.7770809976,6
2011-05-03 21:00:00,TUFLOW,Surface,-0.0591124289,24.6633602276,17.6199532444,-1.4597336392,6
2011-05-03 22:00:00,TUFLOW,Surface,-0.0743290919,24.9049761750,17.5909656317,-1.8529920146,6
2011-05-03 23:00:00,TUFLOW,Surface,-0.0873002886,25.1311971845,17.5782354131,-2.1951295743,6
2011-05-04 00:00:00,TUFLOW,Surface,-0.1427543772,25.2815007415,17.5746334968,-3.6086603603,6
2011-05-04 01:00:00,TUFLOW,Surface,-0.1708955389,25.6042547177,17.6468548263,-4.3759408147,6
2011-05-04 02:00:00,TUFLOW,Surface,-0.2236558461,25.7042837144,17.7128533619,-5.7500930690,6
2011-05-04 03:00:00,TUFLOW,Surface,-0.2542347558,25.3329006779,17.6677426725,-6.4422839061,6
2011-05-04 04:00:00,TUFLOW,Surface,-0.2310815672,24.8285412406,17.5206309018,-5.7402507873,6
2011-05-04 05:00:00,TUFLOW,Surface,-0.2282054192,24.4461049156,17.3515808329,-5.5825125252,6
2011-05-04 06:00:00,TUFLOW,Surface,-0.1959722501,24.1792696141,17.2116418616,-4.7432611713,6
2011-05-04 07:00:00,TUFLOW,Surface,-0.1405770352,24.1795311406,17.1296726207,-3.4042616911,6
2011-05-04 08:00:00,TUFLOW,Surface,-0.0888100886,24.4001044340,17.1141058469,-2.1705202721,6
2011-05-04 09:00:00,TUFLOW,Surface,-0.0418124454,24.9413671558,17.2020805654,-1.0455839284,6
2011-05-04 10:00:00,TUFLOW,Surface,-0.0422959361,25.4483871429,17.3048397502,-1.0772391200,6
2011-05-04 11:00:00,TUFLOW,Surface,-0.0387374822,25.6349517398,17.3473117079,-0.9945570167,6
2011-05-04 12:00:00,TUFLOW,Surface,-0.0416791092,25.6351425208,17.3232580190,-1.0657842841,6
2011-05-04 13:00:00,TUFLOW,Surface,-0.0833066496,25.5694469374,17.3402197427,-2.1254974110,6
2011-05-04 14:00:00,TUFLOW,Surface,-0.1559775275,25.8481474786,17.4585275820,-4.0290175145,6
2011-05-04 15:00:00,TUFLOW,Surface,-0.2061280901,26.3181564485,17.6764496148,-5.4244250303,6
2011-05-04 16:00:00,TUFLOW,Surface,-0.2375406882,25.9050801970,17.6619538709,-6.1545475738,6
2011-05-04 17:00:00,TUFLOW,Surface,-0.2371502174,25.3905307258,17.4922850080,-6.0238837443,6
2011-05-04 18:00:00,TUFLOW,Surface,-0.2263226176,24.9813641242,17.3228232271,-5.6573151001,6
2011-05-04 19:00:00,TUFLOW,Surface,-0.1800399311,24.8007555516,17.1899562788,-4.4694307692,6
2011-05-04 20:00:00,TUFLOW,Surface,-0.1272800021,24.8826576468,17.1134175119,-3.1713829648,6
2011-05-04 21:00:00,TUFLOW,Surface,-0.0824347311,25.1661325778,17.0809207843,-2.0770390006,6
2011-05-04 22:00:00,TUFLOW,Surface,-0.0809809282,25.4548972954,17.0509425552,-2.0628088278,6
2011-05-04 23:00:00,TUFLOW,Surface,-0.0645306860,25.7614085550,17.0557898116,-1.6641560764,6
2011-05-05 00:00:00,TUFLOW,Surface,-0.1088474595,25.8226712588,16.9870255027,-2.8108854529,6
2011-05-05 01:00:00,TUFLOW,Surface,-0.1287055953,26.0651824294,17.0098692164,-3.3539994512,6
2011-05-05 02:00:00,TUFLOW,Surface,-0.1896460974,26.2483405295,17.0296381060,-4.9782696072,6
2011-05-05 03:00:00,TUFLOW,Surface,-0.2144549703,26.2534493496,17.0921658166,-5.6313180617,6
2011-05-05 04:00:00,TUFLOW,Surface,-0.2556695279,25.7746275901,16.9928844773,-6.5912524422,6
2011-05-05 05:00:00,TUFLOW,Surface,-0.2252167808,25.2048371223,16.7836362616,-5.6791503057,6
2011-05-05 06:00:00,TUFLOW,Surface,-0.2249382813,24.8142629293,16.6175474466,-5.5849898573,6
2011-05-05 07:00:00,TUFLOW,Surface,-0.1597953011,24.6553693018,16.4866786470,-3.9446364012,6
2011-05-05 08:00:00,TUFLOW,Surface,-0.1323200815,24.6869293742,16.4283786964,-3.2708056985,6
2011-05-05 09:00:00,TUFLOW,Surface,-0.0824285617,24.9208505908,16.4672206983,-2.0572536305,6
2011-05-05 10:00:00,TUFLOW,Surface,-0.0373069151,25.5060545371,16.6319672178,-0.9543329759,6
2011-05-05 11:00:00,TUFLOW,Surface,-0.0495391425,25.9499607500,16.7867677265,-1.2858672691,6
2011-05-05 12:00:00,TUFLOW,Surface,-0.0615124955,26.2162637414,16.9403189010,-1.6134017859,6
2011-05-05 13:00:00,TUFLOW,Surface,-0.0954873611,26.3263922433,17.0607890736,-2.5140582283,6
2011-05-05 14:00:00,TUFLOW,Surface,-0.1252097040,26.6029925655,17.2192708733,-3.3309365479,6
2011-05-05 15:00:00,TUFLOW,Surface,-0.2003719812,26.9100500806,17.3685210729,-5.3924670520,6
2011-05-05 16:00:00,TUFLOW,Surface,-0.2234400620,26.7770597553,17.4396221324,-5.9840413146,6
2011-05-05 17:00:00,TUFLOW,Surface,-0.2255098233,26.2112042965,17.3013697771,-5.9120335649,6
2011-05-05 18:00:00,TUFLOW,Surface,-0.2208928825,25.6704424983,17.0885183187,-5.6724098991,6
2011-05-05 19:00:00,TUFLOW,Surface,-0.1935546727,25.2934332390,16.9381220253,-4.8987034901,6
2011-05-05 20:00:00,TUFLOW,Surface,-0.1394467644,25.1978518874,16.8579813887,-3.5177323073,6
2011-05-05 21:00:00,TUFLOW,Surface,-0.1049493670,25.2864235311,16.8066063055,-2.6565731390,6
2011-05-05 22:00:00,TUFLOW,Surface,-0.0543204448,25.6614321769,16.8181456355,-1.3958554278,6
2011-05-05 23:00:00,TUFLOW,Surface,-0.0803221270,25.9011335528,16.7756404079,-2.0806434760,6
2011-05-06 00:00:00,TUFLOW,Surface,-0.0553104141,26.2100954281,16.7681112314,-1.4516607865,6
2011-05-06 01:00:00,TUFLOW,Surface,-0.1115712921,26.3180511119,16.6806327148,-2.9362899003,6
2011-05-06 02:00:00,TUFLOW,Surface,-0.1457870477,26.6360954590,16.7169403905,-3.8827805561,6
2011-05-06 03:00:00,TUFLOW,Surface,-0.2239234238,26.8457926147,16.7693153535,-6.0118316366,6
2011-05-06 04:00:00,TUFLOW,Surface,-0.2368323178,26.6194983451,16.8285833997,-6.3051129306,6
2011-05-06 05:00:00,TUFLOW,Surface,-0.2832069533,25.9389808011,16.6439115558,-7.3463642210,6
2011-05-06 06:00:00,TUFLOW,Surface,-0.2493114621,25.2126964114,16.3817354019,-6.2866455940,6
2011-05-06 07:00:00,TUFLOW,Surface,-0.2175959880,24.8727023076,16.2010707294,-5.4152805546,6
2011-05-06 08:00:00,TUFLOW,Surface,-0.1781239855,24.7736952806,16.1002111674,-4.4165654235,6
2011-05-06 09:00:00,TUFLOW,Surface,-0.1028316977,24.9329532413,16.1203785816,-2.5671999723,6
2011-05-06 10:00:00,TUFLOW,Surface,-0.0544507000,25.4465795012,16.3016394340,-1.3878439467,6
2011-05-06 11:00:00,TUFLOW,Surface,-0.0516924100,26.0005055104,16.5319740613,-1.3440359475,6
2011-05-06 12:00:00,TUFLOW,Surface,-0.0164047762,26.9564714437,16.9345392030,-0.4255432265,6
2011-05-06 13:00:00,TUFLOW,Surface,-0.0679483131,27.2626451314,17.0942203177,-1.8299418327,6
2011-05-06 14:00:00,TUFLOW,Surface,-0.0958914028,27.0642964370,17.0776266633,-2.5942682509,6
2011-05-06 15:00:00,TUFLOW,Surface,-0.1488978835,27.1738152692,17.1213296116,-4.0465152094,6
2011-05-06 16:00:00,TUFLOW,Surface,-0.2047213598,27.4422981300,17.2480455291,-5.6186921621,6
2011-05-06 17:00:00,TUFLOW,Surface,-0.2253524877,27.1030174704,17.2653385623,-6.1079810379,6
2011-05-06 18:00:00,TUFLOW,Surface,-0.2245327377,26.4419244841,17.0468914864,-5.9372489196,6
2011-05-06 19:00:00,TUFLOW,Surface,-0.2333844417,25.8005913840,16.8078779262,-6.0224260976,6
2011-05-06 20:00:00,TUFLOW,Surface,-0.1893620729,25.3889631385,16.6455932411,-4.8100378259,6
2011-05-06 21:00:00,TUFLOW,Surface,-0.1306837451,25.3451148918,16.5595067762,-3.3153470059,6
2011-05-06 22:00:00,TUFLOW,Surface,-0.0834420575,25.5879625443,16.5352081859,-2.1368315904,6
2011-05-06 23:00:00,TUFLOW,Surface,-0.0741028815,25.9964707538,16.5474543636,-1.9266821030,6
2011-05-07 00:00:00,TUFLOW,Surface,-0.0523116353,26.5267795037,16.6070923970,-1.3886828165,6
